Código,Posto,Mês/Ano,01,02,03,04,05,06,07,08,09,10,11,12,13,14,15,16,17,18,19,20,21,22,23,24,25,26,27,28,29,30,31,Acumulado
265,Recife (Alto da Brasileira),jan/2012,"0,0","0,0","0,0","0,0","0,0","0,0","0,0","3,0","4,6","0,0","5,3","8,2","0,0","0,0","6,1","0,0","0,0","0,9","2,5","3,0","10,4","34,4","85,0","35,9","1,9","0,0","12,8","0,0","0,0","0,0","2,3","13419,7"
196,Recife (Codecipe / Santo Amaro),jan/2012,-,-,-,-,-,-,-,-,-,-,-,-,-,-,-,-,-,-,-,-,-,-,-,-,-,-,-,-,-,-,-,"5055,8"
344,Recife (Lamepe/Itep),jan/2012,"0,0","0,0","0,0","0,0","0,0","0,0","0,0","2,0","8,0","5,7","0,0","7,6","0,0","0,5","8,0","1,5","0,5","2,0","4,3","2,0","40,0","22,0","62,0","14,4","1,0","0,0","5,0","0,0","0,0","0,0","10,2","1611,6"
378,Recife (Santo Amaro),jan/2012,"0,0","0,0","0,0","0,0","0,0","0,0","2,1","0,0","3,7","2,0","0,0","6,6","0,0","10,5","0,0","0,0","0,0","0,0","4,5","8,1","22,6","83,7","7,0","0,0","0,0","0,0","7,5","0,0","0,0","0,0","10,2","1998,8"
30,Recife (Várzea),jan/2012,"0,0","0,0","0,0","0,0","0,0","0,0","0,0","1,4","8,8","6,6","0,0","5,4","0,3","0,5","9,6","1,4","0,6","1,0","1,8","2,0","40,0","21,4","61,8","16,0","1,0","0,0","5,4","0,0","0,0","0,0","12,4","15807,2"
480,Recife - PCD,jan/2012,"0,0","0,0","0,0","0,0","0,0","0,0","0,0","2,8","5,8","5,3","0,8","6,8","0,0","0,0","6,5","0,5","0,0","3,0","2,8","1,3","38,8","25,3","68,3","11,5","0,3","0,0","3,8","0,5","1,0","0,5","11,8","1418,8"
265,Recife (Alto da Brasileira),fev/2012,"0,0","0,0","0,8","0,0","0,7","0,7","1,5","0,8","0,0","0,0","0,0","0,8","0,0","0,0","3,5","1,6","0,8","45,8","50,2",-,"0,3","0,8","0,0","0,0","0,5","0,0","0,0","0,8","0,9",-,-,"13419,7"
196,Recife (Codecipe / Santo Amaro),fev/2012,-,-,-,-,-,-,-,-,-,-,-,-,-,-,-,-,-,-,-,-,-,-,-,-,-,-,-,-,-,-,-,"5055,8"
344,Recife (Lamepe/Itep),fev/2012,"0,0","0,0","0,0","0,0","2,0","4,0","0,0","0,0","0,0","0,0","0,0","0,0","0,0","0,0","1,0","0,0","12,0","95,0","31,0","5,0","3,1","6,5","0,0","21,0","1,5","0,0","3,1","0,0","0,0",-,-,"1611,6"
378,Recife (Santo Amaro),fev/2012,"0,0","0,0","0,0","0,0","5,9","0,0","0,0","0,0","0,0","0,0","0,0","0,4","1,2","0,0","0,0","0,0","6,9","47,1","0,0","0,0","7,3","0,0","0,0","0,0","0,0","0,0","0,0","0,0","0,0",-,-,"1998,8"
30,Recife (Várzea),fev/2012,"0,0","0,0","0,0","0,0","2,3","4,6","0,0","0,0","0,0","0,0","0,0","0,0","0,0","0,0","1,0","0,0","13,4","96,0","32,6","4,7","2,4","7,0","0,2","22,0","1,6","0,0","2,8","0,0","0,0",-,-,"15807,2"
480,Recife - PCD,fev/2012,"0,0","0,0","0,3","0,0","0,0","4,8","0,0","0,3","0,0","0,0","0,0","0,0","0,0","0,0","1,8","0,0","15,8","81,3","31,0","3,8","0,8","8,8","0,0","0,5","1,3","0,0","7,0","0,8","0,0",-,-,"1418,8"
265,Recife (Alto da Brasileira),mar/2012,"0,9","0,9","0,0","0,0","0,0","0,0","0,0","0,8","0,0","0,1","23,9","8,0","0,8","0,0","0,2","0,0","0,0","0,0","0,0","0,0","0,0","0,0","0,0","0,0","44,5","0,0","1,1","0,0","0,0","6,7","0,0","13419,7"
196,Recife (Codecipe / Santo Amaro),mar/2012,-,-,-,-,-,-,-,-,-,-,-,-,-,-,-,-,-,-,-,-,-,-,-,-,-,-,-,-,-,-,-,"5055,8"
344,Recife (Lamepe/Itep),mar/2012,"0,0","1,0","0,0","0,0","2,5","0,1","1,4","0,0","0,0","1,5","22,0","6,8","0,2","0,0","0,0","0,0","0,0","0,0","0,0","0,0","0,0","0,0","0,0","1,0","82,5","0,0","2,7","0,0","4,6","5,8","1,2","1611,6"
378,Recife (Santo Amaro),mar/2012,"0,0","0,0","0,0","0,0","3,8","0,0","0,0","0,0","0,0","4,0","23,4","0,0","12,0","1,0","0,0","0,0","0,0","0,0","0,0","0,0","0,0","0,0","0,0","0,0","21,2","0,0","0,0","0,0","0,4","0,0","0,0","1998,8"
30,Recife (Várzea),mar/2012,"0,0","1,8","0,0","0,0","1,8","0,2","1,0","0,6","0,0","2,6","24,0","7,6","1,2","0,0","0,0","0,0","0,0","0,0","0,0","0,0","0,0","0,0","0,0","0,8","85,8","0,0","0,0","0,0","7,6","2,6","1,4","15807,2"
480,Recife - PCD,mar/2012,"0,0","0,0","0,0","0,0","1,3","0,0","0,0","0,0","0,0","0,8","23,5","11,3","1,5","0,0","0,0","0,0","0,0","0,5","0,0","0,0","0,0","0,0","0,0","0,5","72,5","0,0","0,0","0,3","1,3","2,5","0,3","1418,8"
265,Recife (Alto da Brasileira),abr/2012,"16,0","0,0","0,0","2,0","22,5","0,0","0,8","0,2","0,0","0,8","1,3","0,0","0,0","0,0","0,1","0,0","0,9","0,0","0,0","6,5","6,0","0,0","0,0","0,0","0,0","0,0","0,0","0,0","0,8","0,0",-,"13419,7"
196,Recife (Codecipe / Santo Amaro),abr/2012,-,-,-,-,-,-,-,-,-,-,-,-,-,-,-,-,-,-,-,-,-,-,-,-,-,-,-,-,-,-,-,"5055,8"
344,Recife (Lamepe/Itep),abr/2012,"0,0","0,9","3,9","31,1","4,1","0,0","1,4","0,0","8,0","2,1","1,4","0,0","0,1","0,0","0,0","0,0","0,0","0,0","0,0","4,5","9,1","0,0","0,0","0,0","0,0","0,0","0,0","0,0","0,4","0,0",-,"1611,6"
378,Recife (Santo Amaro),abr/2012,"0,0","0,0","0,0","13,6","0,0","0,0","0,0","0,4","0,0","0,0","0,0","0,0","0,0","0,0","0,0","0,0","2,9","0,0","0,0","1,6","0,0","0,0","0,0","0,0","0,0","0,0","0,0","0,0","0,0","0,0",-,"1998,8"
30,Recife (Várzea),abr/2012,"0,0","1,3","6,1","29,6","2,8","0,0","0,2","0,0","3,4","2,6","1,4","0,0","0,0","0,0","0,0","0,0","0,4","0,0","0,0","3,1","4,6","0,0","0,0","0,0","0,0","0,0","0,0","0,0","0,6","0,0",-,"15807,2"
480,Recife - PCD,abr/2012,"0,5","0,0","0,3","19,0","1,5","0,0","0,0","0,0","7,5","2,5","0,0","0,0","0,0","0,0","0,0","0,0","0,5","0,0","0,0","5,0","0,0","0,0","0,0","0,0","0,0","0,0","0,0","0,0","0,0","0,0",-,"1418,8"
265,Recife (Alto da Brasileira),mai/2012,"0,0","0,0","0,0","3,3","1,8","0,0","4,5","0,0","0,0","0,0","0,0","0,0","0,0","0,0","0,0","0,0","0,0","0,1","0,7","4,3","0,0","0,0","0,0","14,4","31,2","6,9","2,3","2,0","14,5","13,1","4,0","13419,7"
196,Recife (Codecipe / Santo Amaro),mai/2012,-,-,-,-,-,-,-,-,-,-,-,-,-,-,-,-,-,-,-,-,-,-,-,-,-,-,-,-,-,-,-,"5055,8"
344,Recife (Lamepe/Itep),mai/2012,"0,0","0,0","0,0","4,5","0,8","4,0","5,0","1,3","0,3","0,0","0,0","2,1","0,0","0,0","0,0","0,0","0,0","0,5","0,0","16,0","0,1","6,2","4,3","40,0","16,9","26,0","0,0","0,0","26,3","18,5","0,0","1611,6"
378,Recife (Santo Amaro),mai/2012,"0,0","0,0","0,0","6,5","3,0","0,0","13,9","1,0","0,0","0,0","0,0","0,0","0,0","0,0","0,0","0,0","0,0","0,0","4,7","0,5","0,7","3,3","3,9","11,3","38,8","25,9","0,4","0,0","8,6","19,8","0,0","1998,8"
30,Recife (Várzea),mai/2012,"0,0","0,0","0,0","6,6","1,4","4,7","6,8","4,7","0,2","0,0","0,0","2,0","0,0","1,8","0,0","0,0","0,0","1,4","0,0","21,0","0,2","5,2","6,4","40,1","15,6","21,6","0,6","0,8","27,0","22,2","0,0","15807,2"
480,Recife - PCD,mai/2012,"0,0","0,0","0,0","3,3","3,8","0,0","5,8","0,0","0,0","0,0","0,0","4,3","0,0","0,0","0,0","0,0","0,0","0,0","0,0","5,0","0,3","2,5","1,8","37,8","26,0","12,3","0,3","0,0","15,8","14,0","0,0","1418,8"
265,Recife (Alto da Brasileira),jun/2012,"0,0","1,4","0,1","0,0","0,0","0,0","27,0","0,0","0,7","0,0","0,0","4,2","0,8","95,0","14,5","7,0","4,5","3,1","24,5","30,8","8,4","20,0","0,0","0,0","18,4","10,2","0,0","60,5","18,0","0,0",-,"13419,7"
196,Recife (Codecipe / Santo Amaro),jun/2012,-,-,-,-,-,-,-,-,-,-,-,-,-,-,-,-,-,-,-,-,-,-,-,-,-,-,-,-,-,-,-,"5055,8"
344,Recife (Lamepe/Itep),jun/2012,"1,8","0,0","0,0","4,1","0,1","0,0","15,1","0,0","0,0","0,0","4,4","4,1","10,0","116,0","0,6","0,0","0,0","12,4","12,0","13,1","2,2","0,8","0,0","0,0","20,7","7,9","0,1","71,2","3,0","0,0",-,"1611,6"
378,Recife (Santo Amaro),jun/2012,"0,0","2,0","4,6","0,0","0,0","0,0","19,3","0,0","0,0","0,0","0,0","13,2","2,2","113,4","5,3","11,5","0,0","5,1","25,5","8,4","8,4","1,8","0,0","0,0","16,1","15,4","0,0","57,4","8,7","0,4",-,"1998,8"
30,Recife (Várzea),jun/2012,"1,4","1,2","2,6","3,5","0,0","0,0","12,0","0,0","0,0","0,0","5,2","5,0","2,8","121,8","1,0","1,0","0,0","11,3","11,8","11,2","1,3","2,0","3,6","0,1","27,4","6,6","0,0","58,8","3,8","0,2",-,"15807,2"
480,Recife - PCD,jun/2012,"0,3","2,8","1,5","0,5","0,0","0,0","15,8","0,0","1,5","0,0","2,0","5,0","2,8","104,3","0,8","1,0","0,0","3,8","10,8","17,0","3,5","1,3","0,5","0,0","22,3","4,5","0,0","65,3","5,5","0,0",-,"1418,8"
265,Recife (Alto da Brasileira),jul/2012,"0,0","80,9","9,0","2,1","0,0","10,0","1,8","0,0","1,0","6,5","4,8","5,7","36,5","15,5","26,8","3,8","24,5","15,0","2,8","0,0","1,7","18,6","11,2","0,0","3,6","7,6","12,2","4,8","0,6","4,7","0,0","13419,7"
196,Recife (Codecipe / Santo Amaro),jul/2012,-,-,-,-,-,-,-,-,-,-,-,-,-,-,-,-,-,-,-,-,-,-,-,-,-,-,-,-,-,-,-,"5055,8"
344,Recife (Lamepe/Itep),jul/2012,"0,0","84,4","9,9","0,0","0,0","0,0","0,0","1,0","4,0","15,4","13,0","2,5","39,0","10,0","10,0","0,0","0,0","28,3","0,0","0,0","3,0","1,1","0,0","0,0","0,0","0,0","17,9","4,5","0,0","4,8","3,3","1611,6"
378,Recife (Santo Amaro),jul/2012,"0,0","98,7","8,2","1,0","0,0","1,2","1,8","0,0","2,1","7,0","4,0","1,6","34,2","23,7","6,5","1,9","4,5","11,2","0,0","0,0","3,1","0,8","3,3","0,0","2,4","0,0","2,9","7,7","0,0","3,8","1,7","1998,8"
30,Recife (Várzea),jul/2012,"0,6","88,6","5,0","1,0","0,4","0,0","0,0","1,4","3,5","19,6","14,0","2,0","31,8","4,8","22,2","0,0","3,0","29,6","0,2","0,0","2,8","0,4","0,0","0,0","0,4","1,0","15,0","5,0","0,0","6,4","1,8","15807,2"
480,Recife - PCD,jul/2012,"0,3","91,5","12,3","0,5","0,0","0,0","0,0","0,8","0,3","9,5","13,0","1,8","40,5","12,3","11,3","0,0","1,0","8,3","0,3","0,0","3,3","0,3","0,3","0,0","5,5","0,0","10,5","1,5","0,5","4,5","0,0","1418,8"
265,Recife (Alto da Brasileira),ago/2012,"0,0","4,2","6,4","3,8","15,6","0,0","0,3","0,0","9,8","7,6","14,9","6,2","3,5","1,9","3,2","8,6","3,3","22,5","6,4","0,0","1,9","0,0","7,5","2,4","0,6","3,8","15,9","2,6","4,1","0,0","0,0","13419,7"
196,Recife (Codecipe / Santo Amaro),ago/2012,-,-,-,-,-,-,-,-,-,-,-,-,-,-,-,-,-,-,-,-,-,-,-,-,-,-,-,-,-,-,-,"5055,8"
344,Recife (Lamepe/Itep),ago/2012,"2,7","4,0","20,1","13,0","0,0","0,0","0,0","0,0","1,4","8,0","7,0","0,0","2,8","2,9","5,3","0,8","1,2","40,0","10,5","14,2","8,0","3,2","4,4","1,5","1,4","15,0","1,0","3,6","0,0","0,0","0,0","1611,6"
378,Recife (Santo Amaro),ago/2012,"1,7","0,6","10,6","3,2","0,0","0,0","1,2","0,0","15,7","4,8","4,1","0,0","1,2","0,0","1,6","0,0","0,0","1,3","3,5","4,7","3,7","0,5","0,0","2,9","5,9","9,2","4,3","4,2","0,0","0,0","0,0","1998,8"
30,Recife (Várzea),ago/2012,"5,7","6,4","10,0","16,4","0,2","0,0","0,0","0,0","0,8","10,0","7,8","1,0","2,0","0,0","10,4","2,0","0,8","48,6","7,6","14,7","7,8","1,6","3,8","2,2","0,8","10,4","0,4","1,9","0,0","0,0","0,0","15807,2"
480,Recife - PCD,ago/2012,"0,8","4,5","5,0",-,"0,0","0,0","0,3","0,0","2,8","6,3","3,3","0,8","1,5","0,5","7,0","0,8","0,0","41,5","8,5","12,0","10,8","1,8","8,8","0,8","0,0","12,3","1,3","1,3","0,0","0,0","0,0","1418,8"
265,Recife (Alto da Brasileira),set/2012,"0,0","0,0","0,0","0,0","0,2","1,4","0,0","0,0","0,0","0,3","0,0","0,0","0,0","0,0","0,0","4,5","0,0","0,0","0,0","0,0","0,0","0,0","0,0","0,0","0,0","2,6","0,0","0,0","0,0","0,0",-,"13419,7"
196,Recife (Codecipe / Santo Amaro),set/2012,-,-,-,-,-,-,-,-,-,-,-,-,-,-,-,-,-,-,-,-,-,-,-,-,-,-,-,-,-,-,-,"5055,8"
344,Recife (Lamepe/Itep),set/2012,"0,0","0,0","3,0",-,"1,0","8,1","0,0","0,0","0,0","0,4","0,0","0,0","0,0","0,0","0,0","0,0","0,0","0,0","0,0","1,0","0,0","0,0","0,0","0,0","0,0","2,6","0,0","0,0","0,0","0,0",-,"1611,6"
378,Recife (Santo Amaro),set/2012,"0,0","0,0","0,0","0,0","0,7","0,6","1,7","0,0","0,0","0,0","0,0","0,0","0,0","0,0","4,0","0,0","0,0","0,0","0,0","0,0","0,0","0,0","0,0","0,0","0,0","0,0","0,0","0,0","0,0","0,0",-,"1998,8"
30,Recife (Várzea),set/2012,"0,0","0,0","3,0","0,0","1,5","3,4","0,0","0,3","0,0","0,8","0,0","0,0","0,0","0,0","0,0","7,7","0,0","0,0","0,0","0,0","0,0","0,0","0,0","0,0","0,0","2,4","0,0","1,0","0,0","0,0",-,"15807,2"
480,Recife - PCD,set/2012,"0,0","0,0","0,0","0,0","0,5","0,8","0,0","1,3","0,8","0,3","0,0","0,3","0,0","0,0","0,0","3,5","0,3","0,0","0,0","0,0","0,0","0,0","0,0","0,0","0,3","0,0","0,0","0,0","0,0","0,0",-,"1418,8"
265,Recife (Alto da Brasileira),out/2012,"0,0","0,0","0,0","0,5","0,0","0,0","0,0","0,0","0,0","0,0","19,8","5,0","2,6","5,6","0,0","2,7","0,0","0,2","0,4","0,5","0,0","2,1","0,0","0,0","0,0","0,0","0,0","0,0","0,0","0,0","0,0","13419,7"
196,Recife (Codecipe / Santo Amaro),out/2012,-,-,-,-,-,-,-,-,-,-,-,-,-,-,-,-,-,-,-,-,-,-,-,-,-,-,-,-,-,-,-,"5055,8"
344,Recife (Lamepe/Itep),out/2012,"0,0","0,0","0,0","1,3","0,0","0,0","0,0","4,3","0,0","0,0","42,0","5,3","0,0","0,0","0,0","0,0","0,0","0,0","0,9",-,-,"0,5",-,"0,0","0,0","0,0","0,0","0,0","0,0",-,"0,0","1611,6"
378,Recife (Santo Amaro),out/2012,"0,0","0,0","0,0","0,0","0,0","0,0","4,0","0,0","0,0","0,0","20,8","2,4","0,0","0,0","0,0","0,0","3,8","0,0","0,0","0,0","1,3","0,0","3,1","0,0","0,0","0,0","0,0","0,0","0,0","0,0","0,0","1998,8"
30,Recife (Várzea),out/2012,"0,0","0,0","0,0","2,0","0,0","0,4","1,0","1,0","0,0","0,0","33,6","8,4","1,2","1,4","1,2","0,0","0,0","0,0","0,9","0,2","0,0","1,0","0,0","0,0","0,0","0,0","0,0","1,6","0,0",-,"0,0","15807,2"
480,Recife - PCD,out/2012,"0,0","0,0","0,3","0,5","0,3","0,3","0,3","0,0","0,0","0,0","32,3","3,0","4,0","0,8","0,0","0,0","0,0","0,0","1,3","0,0","0,0","0,5","0,0","0,0","0,0",-,"0,0","0,3","0,0","0,0","0,0","1418,8"
265,Recife (Alto da Brasileira),nov/2012,"0,0","0,0","0,0","0,0","0,0","0,0","0,0","0,0","5,1","1,2","0,0","0,0","0,0","0,0","0,0","0,0","0,0","0,0","2,4","0,0","0,0","0,0","0,0","0,0","0,0","0,0","0,0","0,0","1,7","0,0",-,"13419,7"
196,Recife (Codecipe / Santo Amaro),nov/2012,-,-,-,-,-,-,-,-,-,-,-,-,-,-,-,-,-,-,-,-,-,-,-,-,-,-,-,-,-,-,-,"5055,8"
344,Recife (Lamepe/Itep),nov/2012,"0,0","0,0","0,0","0,0","0,0","0,0","0,0","2,6","3,3","0,0","0,0","0,0","1,3","0,0","0,0","0,0","0,0","0,0","1,5","0,1","0,0","0,0","0,0","0,0","0,0","0,0","0,0","0,0","0,0","0,0",-,"1611,6"
378,Recife (Santo Amaro),nov/2012,"0,0","0,0","0,0","0,0","0,0","0,0","0,0","1,8","1,2","0,0","0,0","0,0","0,0","0,0","0,0","0,0","0,0","0,0","0,0","0,0","0,0","0,0","0,0","0,0","0,0","0,0","0,0","0,0","0,0","0,0",-,"1998,8"
30,Recife (Várzea),nov/2012,"0,0","0,0","0,0","0,0","0,0","0,0","0,0","2,8","3,4","0,0","0,0","0,7","2,0","0,0","0,0","0,0","0,0","0,0","1,0","0,0","0,0","0,0","0,0","0,0","0,0","0,0","0,0","0,0","0,0","0,0",-,"15807,2"
480,Recife - PCD,nov/2012,"0,0","0,3","0,0","0,0","0,0","0,0","0,0","1,5","3,0","0,0","0,0","0,3","0,0","0,0","0,0","0,0","0,0","0,0","0,3","0,0","0,0","0,0","0,0","0,0","0,0","0,0","0,0","0,0","0,0","0,0",-,"1418,8"
265,Recife (Alto da Brasileira),dez/2012,"0,0","7,2","2,6","0,9","1,5","0,0","0,6","0,0","0,0","0,0","0,0","0,0","0,0","0,0","0,0","0,0","16,6","0,0","0,0","0,0","0,0","0,0","0,0","0,0","0,0","0,0","0,0","0,0","0,0","0,0","0,0","13419,7"
196,Recife (Codecipe / Santo Amaro),dez/2012,-,-,-,-,-,-,-,-,-,-,-,-,-,-,-,-,-,-,-,-,-,-,-,-,-,-,-,-,-,-,-,"5055,8"
344,Recife (Lamepe/Itep),dez/2012,"0,0","0,0","3,1","0,0","0,3","0,0","0,2","1,2","0,0","0,0","0,0","0,0","0,0","0,9","0,0","1,0","8,2","1,2","0,0","0,0","0,0","0,0","0,0","0,0","0,0","0,0","0,0","0,0",-,-,-,"1611,6"
378,Recife (Santo Amaro),dez/2012,-,"1,2","3,9","0,0","0,0","0,0","11,2","0,0","0,0","0,0","0,0","0,0","0,0","0,0","0,0","5,4","0,0","1,1","0,0","0,0","0,0","0,0","0,0","0,0","0,0","0,0","0,0","0,0","0,0","0,0","0,0","1998,8"
30,Recife (Várzea),dez/2012,"0,0","3,4","0,6","0,0","0,9","0,0","0,0","4,2","0,0","0,0","0,0","0,0","0,0","0,4","0,8","2,0","7,0","0,8","0,0","0,0","0,0","0,0","0,0","0,0","0,0","0,0","0,0","0,0","0,0","1,2","3,8","15807,2"
480,Recife - PCD,dez/2012,"0,0","2,3","3,8","0,0","0,8","0,0","0,0","2,5","0,0","0,0","0,0","0,0","0,0","0,0","0,0","0,3","10,3","0,0","0,0","0,0","0,0","0,0","0,0","1,0","0,0","0,0","0,0","0,0","0,0","0,0","0,3","1418,8"
265,Recife (Alto da Brasileira),jan/2013,"0,0","1,0","21,0","48,7","28,0","0,0","0,0","0,0","0,0","0,0","0,0","0,0","0,3","25,0","0,0","0,0","0,0","0,0","0,0","0,0","0,0","0,0","0,0","0,0","0,0","0,0","0,0","0,0","0,0","0,0","0,0","13419,7"
196,Recife (Codecipe / Santo Amaro),jan/2013,-,-,-,-,-,-,-,-,-,-,-,-,-,-,-,-,-,-,-,-,-,-,-,-,-,-,-,-,-,-,-,"5055,8"
344,Recife (Lamepe/Itep),jan/2013,-,-,-,"37,0",-,-,-,"0,0",-,"0,0","0,0",-,-,-,-,-,-,-,-,-,-,"0,2","0,2","0,2","0,0","0,0","0,0","0,0","0,0","0,0","0,0","1611,6"
378,Recife (Santo Amaro),jan/2013,"2,0","15,3","5,0","12,0","0,0","0,0","0,0","0,0","0,0","0,0","0,0","1,5","15,8","2,1","0,0","0,0","0,0","0,1","0,0","0,0","0,0","0,0","0,0","0,0","0,0","0,0","0,0","0,0","0,0","0,0","0,0","1998,8"
30,Recife (Várzea),jan/2013,"5,2","4,2","29,2","38,2","1,5","0,0","0,0","0,0","2,9","0,0","0,0","0,5","7,6","4,5","0,4","1,0","0,0","0,3","0,0","0,0","0,0","0,0","0,2","0,0","0,0","0,0","0,0","0,0","0,0","0,0","0,0","15807,2"
480,Recife - PCD,jan/2013,"9,0","1,8","17,3","29,0","1,8","0,3","0,0","0,0","3,5","0,0","0,0",-,-,-,-,-,-,-,-,-,-,-,-,-,-,-,-,-,-,-,-,"1418,8"
265,Recife (Alto da Brasileira),fev/2013,"0,0","0,0","0,0","0,0","0,0","0,0","0,0","0,8","0,0","1,7","1,4","0,0","0,0","0,0","0,0","0,0","0,0","26,2","5,0","0,0","0,0","0,0","0,0","0,0","0,0",-,-,"0,0",-,-,-,"13419,7"
196,Recife (Codecipe / Santo Amaro),fev/2013,-,-,-,-,-,-,-,-,-,-,-,-,-,-,-,-,-,-,-,-,-,-,-,-,-,-,-,-,-,-,-,"5055,8"
344,Recife (Lamepe/Itep),fev/2013,-,-,-,-,-,-,-,-,-,-,-,-,-,-,-,-,-,-,-,-,-,-,-,-,-,-,-,-,-,-,-,"1611,6"
378,Recife (Santo Amaro),fev/2013,"0,0","0,1","0,0","0,0","0,0","0,0",-,"0,0","0,0","1,5","0,0","0,0","0,0","0,0","0,0","0,0","0,0","8,8","0,0","0,0","0,0","0,0","0,0","1,4","0,0","0,0","0,0","0,0",-,-,-,"1998,8"
30,Recife (Várzea),fev/2013,"0,0",-,-,"1,0","3,3","0,0","0,0","6,7","0,0","0,0","0,0","0,0","0,0","0,2","0,2","0,0","0,0","17,0","4,2","0,0","0,3","8,0","0,2","0,9","1,8","0,0","0,0","0,0",-,-,-,"15807,2"
480,Recife - PCD,fev/2013,-,-,-,-,-,-,-,-,-,-,-,-,-,-,-,-,-,-,-,-,-,-,-,-,-,-,-,-,-,-,-,"1418,8"
265,Recife (Alto da Brasileira),mar/2013,"0,0","0,0","0,0","11,2","17,0","0,0","0,0","0,0","0,0","0,0","0,0","0,0","0,0","0,0","0,0","0,0","0,0","4,8","1,0","31,0","0,0","0,0","0,0","0,0","0,0","0,0","0,0","0,0","0,0","0,0","0,0","13419,7"
196,Recife (Codecipe / Santo Amaro),mar/2013,-,-,-,-,-,-,-,-,-,-,-,-,-,-,-,-,-,-,-,-,-,-,-,-,-,-,-,-,-,-,-,"5055,8"
344,Recife (Lamepe/Itep),mar/2013,-,-,-,-,-,-,-,-,-,-,-,-,-,-,-,-,-,-,-,-,-,-,-,-,-,-,-,-,-,-,-,"1611,6"
378,Recife (Santo Amaro),mar/2013,"0,0","0,2","0,0","52,3","1,8","0,0","0,0","0,0","1,8","0,0","0,0","0,0","0,0","4,9","0,0","0,0","4,3","0,0","4,9","0,0","0,0","0,0","0,0","0,0","0,0","0,0","0,0","0,0","0,0","0,0","0,0","1998,8"
30,Recife (Várzea),mar/2013,"0,0","1,0","0,2","34,4","13,2","1,0","0,0","0,0","0,6","1,2","0,0","0,0","0,0","20,8","8,0","0,2","0,4","8,0","9,6","0,0","0,0","0,0","0,0","0,0","0,0","0,0","0,0","0,0","0,0","0,0","0,0","15807,2"
480,Recife - PCD,mar/2013,-,-,-,-,-,-,-,-,-,-,-,-,-,-,-,-,-,-,-,-,-,-,-,-,-,-,-,-,-,-,-,"1418,8"
265,Recife (Alto da Brasileira),abr/2013,"0,0","0,0","1,8","0,0","0,0","0,0","0,0","0,0","0,0","0,0","0,0","0,0","0,0","0,0","0,0","0,0","0,0","0,0","0,1","2,6",-,-,-,-,-,-,-,-,-,-,-,"13419,7"
196,Recife (Codecipe / Santo Amaro),abr/2013,-,-,-,-,-,-,-,-,-,-,-,-,-,-,-,-,-,-,-,-,-,-,-,-,-,-,-,-,-,-,-,"5055,8"
344,Recife (Lamepe/Itep),abr/2013,-,-,-,-,-,-,-,-,-,-,-,-,-,-,-,-,-,-,-,-,-,-,-,-,-,-,-,-,-,-,-,"1611,6"
378,Recife (Santo Amaro),abr/2013,"0,0","0,8","4,3","0,0","0,0","0,0","0,0","0,0","0,0","0,0","0,0","0,0","0,0","20,7","0,0","0,0","0,0","0,0","0,5","24,9","6,9","16,9","0,0","21,5","23,7","0,0","14,2","47,4","30,0","41,1",-,"1998,8"
30,Recife (Várzea),abr/2013,"0,0","4,8","5,4","0,0","0,0","0,0","0,0","0,0","0,0","0,0","1,0","0,0","3,0","0,8","0,0","0,0","0,0","0,0","4,4","37,8","0,4","24,0","0,4","50,0","6,4","1,7","3,5","8,5","31,4","40,1",-,"15807,2"
480,Recife - PCD,abr/2013,-,-,-,-,-,-,-,-,-,-,-,-,-,-,-,-,-,-,-,-,-,-,-,-,-,-,-,-,-,-,-,"1418,8"
265,Recife (Alto da Brasileira),mai/2013,-,-,-,-,-,-,-,-,-,-,-,-,-,-,-,-,"67,0","41,8","6,1","0,0","0,0","0,0","0,0","23,0","17,4","0,0","17,4","12,0","5,4","11,0","1,4","13419,7"
196,Recife (Codecipe / Santo Amaro),mai/2013,-,-,-,-,-,-,-,-,-,-,-,-,-,-,-,-,-,-,-,-,-,-,-,-,-,-,-,-,-,-,-,"5055,8"
344,Recife (Lamepe/Itep),mai/2013,-,-,-,-,-,-,-,-,-,-,-,-,-,-,-,-,-,-,-,-,-,-,-,-,-,-,-,-,-,-,-,"1611,6"
378,Recife (Santo Amaro),mai/2013,"8,2","2,0","0,0","0,0","1,4","0,0","0,0","0,0","0,0","0,0","26,8","3,5","0,7","1,3","0,0","9,7","76,5","1,0","1,2","0,0","4,7","0,0","0,0","8,3","30,8","0,0","22,9","22,3","0,0","0,0","0,7","1998,8"
30,Recife (Várzea),mai/2013,"10,8","10,4","0,6","0,0","0,0","2,8","0,2","0,0","0,0","3,6","21,4","0,0","0,3","7,8","1,8","6,2","119,8","23,8","4,0","0,2","1,6","0,2","0,0","10,6","27,6","0,6","16,3","27,6","5,3","9,2","5,0","15807,2"
480,Recife - PCD,mai/2013,-,-,-,-,-,-,-,-,-,-,-,-,-,-,-,-,-,-,-,-,-,-,-,-,-,-,-,-,-,-,-,"1418,8"
265,Recife (Alto da Brasileira),jun/2013,"0,5","13,5","0,6","0,0","30,0","21,3","0,0","11,9","62,8","5,1","1,5","34,5","44,8","56,2","8,2","0,0","4,6","0,0","10,0","12,7","3,4","53,8","1,8","0,0","0,0","4,2","7,0","11,7","0,4","0,0",-,"13419,7"
196,Recife (Codecipe / Santo Amaro),jun/2013,-,-,-,-,-,-,-,-,-,-,-,-,-,-,-,-,-,-,-,-,-,-,-,-,-,-,-,-,-,-,-,"5055,8"
344,Recife (Lamepe/Itep),jun/2013,-,-,-,-,-,-,-,-,-,-,-,-,-,-,-,-,-,-,-,-,-,-,-,-,-,-,-,-,-,-,-,"1611,6"
378,Recife (Santo Amaro),jun/2013,"2,1","0,0","0,0","5,7","62,8","12,6","0,0","66,7","67,2","2,0",-,-,-,-,-,-,-,-,-,-,-,-,-,-,-,-,-,-,-,-,-,"1998,8"
30,Recife (Várzea),jun/2013,"2,8","28,4","0,0","4,4","55,3","4,5","30,0","25,6","48,3","7,0","0,4","42,4","38,1","65,4","0,2","0,0","25,9","0,0","15,4","4,0","11,4","59,0","0,0","0,0","0,0","3,9","9,9","9,1","3,3","0,0",-,"15807,2"
480,Recife - PCD,jun/2013,-,-,-,-,-,-,-,-,-,-,-,-,-,-,-,-,-,-,-,-,-,-,-,-,-,-,-,-,-,-,-,"1418,8"
265,Recife (Alto da Brasileira),jul/2013,"0,0","28,8","46,0","49,8","35,0","28,0","6,5","0,0","3,7","3,6","5,1","37,8","30,6","31,5","23,6","0,0","0,0","30,7","25,0","2,6","6,3","22,4","20,0","0,2","3,8","12,1","12,5","0,0","0,0","0,0","11,3","13419,7"
196,Recife (Codecipe / Santo Amaro),jul/2013,-,-,-,-,-,-,-,-,-,-,-,-,-,-,-,-,-,-,-,-,-,-,-,-,-,-,-,-,-,-,-,"5055,8"
344,Recife (Lamepe/Itep),jul/2013,-,-,-,-,-,-,-,-,-,-,-,-,-,-,-,-,-,-,-,-,-,-,-,-,-,-,-,-,-,-,-,"1611,6"
378,Recife (Santo Amaro),jul/2013,-,-,-,-,-,-,-,-,-,-,-,-,-,-,-,-,-,-,-,-,-,-,-,-,-,-,-,-,-,-,-,"1998,8"
30,Recife (Várzea),jul/2013,"1,0","27,2","55,4","22,8","4,0","11,2","1,4","7,0","3,6","11,4","16,6","32,0","21,0","28,6","25,0","0,0","2,4","26,8","14,2","2,2","17,8","13,0","6,2","0,0","12,5","26,6","1,7",-,"9,2","0,6","13,8","15807,2"
480,Recife - PCD,jul/2013,-,-,-,-,-,-,-,-,-,-,-,-,-,-,-,-,-,-,-,-,-,-,-,-,-,-,-,-,-,-,-,"1418,8"
265,Recife (Alto da Brasileira),ago/2013,"0,0","2,4","0,0","0,0","0,0","0,0","0,0","7,0","7,1","0,0","0,0","5,2","0,0","28,0","38,0","0,0","0,0","5,1","6,2","41,0","2,8","0,0","8,6","0,0","0,0","4,7","2,1","10,0","0,0","20,0","8,2","13419,7"
196,Recife (Codecipe / Santo Amaro),ago/2013,-,-,-,-,-,-,-,-,-,-,-,-,-,-,-,-,-,-,-,-,-,-,-,-,-,-,-,-,-,-,-,"5055,8"
344,Recife (Lamepe/Itep),ago/2013,-,-,-,-,-,-,-,-,-,-,-,-,-,-,-,-,-,-,-,-,-,-,-,-,-,-,-,-,-,-,-,"1611,6"
378,Recife (Santo Amaro),ago/2013,-,-,-,-,-,-,-,-,-,-,-,-,-,-,-,-,-,-,-,-,-,-,-,-,-,-,-,-,-,-,-,"1998,8"
30,Recife (Várzea),ago/2013,"4,5","0,5","0,0","1,2","1,0","0,2","0,6","1,6","7,6","6,4","0,4","0,2","7,0","55,0","11,4","0,6","1,0","51,8","21,4","9,3","7,4","8,0","0,2","1,6","0,2","0,2","6,1","0,0","0,0","15,4","3,2","15807,2"
480,Recife - PCD,ago/2013,-,-,-,-,-,-,-,-,-,-,-,-,-,-,-,-,-,-,-,-,-,-,-,-,-,-,-,-,-,-,-,"1418,8"
265,Recife (Alto da Brasileira),set/2013,"1,3","0,0","6,4","16,8","27,0","0,0","1,0","3,2","14,0","16,2","40,5","0,0","11,0","6,0","0,0","1,4","0,0","6,8","0,0","0,0","2,1","5,1","1,9","0,0","0,0","0,0","0,0","0,0","0,0","0,6",-,"13419,7"
196,Recife (Codecipe / Santo Amaro),set/2013,-,-,-,-,-,-,-,-,-,-,-,-,-,-,-,-,-,-,-,-,-,-,-,-,-,-,-,-,-,-,-,"5055,8"
344,Recife (Lamepe/Itep),set/2013,-,-,-,-,-,-,-,-,-,-,-,-,-,-,-,-,-,-,-,-,-,-,-,-,-,-,-,-,-,-,-,"1611,6"
378,Recife (Santo Amaro),set/2013,-,-,-,-,-,-,-,-,-,-,-,-,-,-,-,-,-,-,-,-,-,-,-,-,-,-,-,-,-,-,-,"1998,8"
30,Recife (Várzea),set/2013,"3,0","10,8","4,4","27,0","0,2","0,4","7,0","4,4","14,2","30,2","1,8","6,2","14,3","2,0","1,4","5,0","0,0","2,4","0,0","0,0","0,0","2,2","3,3","0,0","0,0","0,0","0,0","0,8","0,0","5,0",-,"15807,2"
480,Recife - PCD,set/2013,-,-,-,-,-,-,-,-,-,-,-,-,-,-,-,-,-,-,-,-,-,-,-,-,-,-,-,-,-,-,-,"1418,8"
265,Recife (Alto da Brasileira),out/2013,"10,0","0,0","0,5","0,0","0,0","0,0","0,0","0,0","5,0","0,0","0,0","0,0","0,0","4,2","2,5","0,0","1,6","0,0","1,0","0,0","0,0","0,0","0,0","0,0","7,5","7,8","14,9","1,0","0,0","0,0","0,0","13419,7"
196,Recife (Codecipe / Santo Amaro),out/2013,-,-,-,-,-,-,-,-,-,-,-,-,-,-,-,-,-,-,-,-,-,-,-,-,-,-,-,-,-,-,-,"5055,8"
344,Recife (Lamepe/Itep),out/2013,-,-,-,-,-,-,-,-,-,-,-,-,-,-,-,-,-,-,-,-,-,-,-,-,-,-,-,-,-,-,-,"1611,6"
378,Recife (Santo Amaro),out/2013,-,-,-,-,-,-,-,-,-,-,-,-,-,-,-,-,-,-,-,-,-,-,-,-,-,-,-,-,-,-,-,"1998,8"
30,Recife (Várzea),out/2013,"4,6","0,4","3,5","0,0","0,5","0,0","0,0","0,0","11,3","0,0","0,4","13,9","0,2","3,2","10,6","10,4","3,6","0,0","0,2","0,0","2,0","0,0","0,0","26,2","3,0","0,8","31,5","1,0","0,0","1,2","0,0","15807,2"
480,Recife - PCD,out/2013,-,-,-,-,-,-,-,-,-,-,-,-,-,-,-,-,-,-,-,-,-,-,-,-,-,-,-,-,-,-,-,"1418,8"
265,Recife (Alto da Brasileira),nov/2013,"0,0","37,0","4,1","6,6","0,0","0,0","0,2","0,5","0,0","0,0","2,5","0,0","0,0","0,0","0,0","0,0","0,0","5,5","0,0","0,0","10,9","0,0","0,0","0,0","0,0","0,0","0,0","0,0","0,0","0,0",-,"13419,7"
196,Recife (Codecipe / Santo Amaro),nov/2013,-,-,-,-,-,-,-,-,-,-,-,-,-,-,-,-,-,-,-,-,-,-,-,-,-,-,-,-,-,-,-,"5055,8"
344,Recife (Lamepe/Itep),nov/2013,-,-,-,-,-,-,-,-,-,-,-,-,-,-,-,-,-,-,-,-,-,-,-,-,-,-,-,-,-,-,-,"1611,6"
378,Recife (Santo Amaro),nov/2013,-,-,-,-,-,-,-,-,-,-,-,-,-,-,-,-,-,-,-,-,-,-,-,-,-,-,-,-,-,-,-,"1998,8"
30,Recife (Várzea),nov/2013,"0,0","27,5","1,6","10,6","0,0","0,0","1,2","0,0","0,0","1,0","0,0","0,0","0,0","0,8","0,0","0,0","0,0","2,6","0,0","0,0","28,0","0,4","0,0","0,8","0,0","0,0","0,0","0,0","0,0","2,0",-,"15807,2"
480,Recife - PCD,nov/2013,-,-,-,-,-,-,-,-,-,-,-,-,-,-,-,-,-,-,-,-,-,-,-,-,-,-,-,-,-,-,-,"1418,8"
265,Recife (Alto da Brasileira),dez/2013,"0,0","19,7","0,0","0,0","0,0","0,0","0,0","0,0","0,0","0,0","0,0","0,0","0,0","0,0","0,0","0,0","0,0","0,0","69,5","63,0","0,0","2,6","3,6","0,0","0,0","0,0","0,0","0,0","0,0","0,0","0,0","13419,7"
196,Recife (Codecipe / Santo Amaro),dez/2013,-,-,-,-,-,-,-,-,-,-,-,-,-,-,-,-,-,-,-,-,-,-,-,-,-,-,-,-,-,-,-,"5055,8"
344,Recife (Lamepe/Itep),dez/2013,-,-,-,-,-,-,-,-,-,-,-,-,-,-,-,-,-,-,-,-,-,-,-,-,-,-,-,-,-,-,-,"1611,6"
378,Recife (Santo Amaro),dez/2013,-,-,-,-,-,-,-,-,-,-,-,-,-,-,-,-,-,-,-,-,-,-,-,-,-,-,-,-,-,-,-,"1998,8"
30,Recife (Várzea),dez/2013,"4,0","2,0","0,0","0,0","0,0","0,0","0,0","0,0","0,0","0,0","0,0","0,0","0,0","0,0","0,0","0,0","0,0","2,0","113,1","42,2","0,0","4,4","3,6","1,0","0,0","0,0","0,0","0,0","0,0","0,0","4,8","15807,2"
480,Recife - PCD,dez/2013,-,-,-,-,-,-,-,-,-,-,-,-,-,-,-,-,-,-,-,-,-,-,-,-,-,-,-,-,-,-,-,"1418,8"
265,Recife (Alto da Brasileira),jan/2014,"0,0","17,6","0,0","0,0","0,0","33,1","0,0","0,0","0,0","53,8","0,0","13,0","4,5","0,0","4,0","4,2","0,0","0,0","0,0","5,4","0,0","0,0","0,0","0,0","0,0","11,0","4,2","0,7","8,5","1,5","0,0","13419,7"
196,Recife (Codecipe / Santo Amaro),jan/2014,-,-,-,-,-,-,-,-,-,-,-,-,-,-,-,-,-,-,-,-,-,-,-,-,-,-,-,-,-,-,-,"5055,8"
344,Recife (Lamepe/Itep),jan/2014,-,-,-,-,-,-,-,-,-,-,-,-,-,-,-,-,-,-,-,-,-,-,-,-,-,-,-,-,-,-,-,"1611,6"
378,Recife (Santo Amaro),jan/2014,-,-,-,-,-,-,-,-,-,-,-,-,-,-,-,-,-,-,-,-,-,-,-,-,-,-,-,-,-,-,-,"1998,8"
30,Recife (Várzea),jan/2014,"0,0","0,0","0,0","0,0","0,0","13,9","0,0","0,0","1,0","31,6","0,0","18,3","5,1","0,0","6,8","0,0","0,0","7,2","2,0","0,0","0,0","0,0","0,0","0,0","0,0","8,0","5,6","0,0","0,6","6,2","0,0","15807,2"
480,Recife - PCD,jan/2014,-,-,-,-,-,-,-,-,-,-,-,-,-,-,-,-,-,-,-,-,-,-,-,-,-,-,-,-,-,-,-,"1418,8"
265,Recife (Alto da Brasileira),fev/2014,"0,0","0,0","4,1","9,7","0,0","9,5","3,6","13,7","8,7","17,5","8,7","3,5","0,0","1,2","7,6","0,0","0,0","11,1","0,0","0,0","0,0","0,5","0,0","0,3","0,0","0,0","0,0","0,0",-,-,-,"13419,7"
196,Recife (Codecipe / Santo Amaro),fev/2014,-,-,-,-,-,-,-,-,-,-,-,-,-,-,-,-,-,-,-,-,-,-,-,-,-,-,-,-,-,-,-,"5055,8"
344,Recife (Lamepe/Itep),fev/2014,-,-,-,-,-,-,-,-,-,-,-,-,-,-,-,-,-,-,-,-,-,-,-,-,-,-,-,-,-,-,-,"1611,6"
378,Recife (Santo Amaro),fev/2014,-,-,-,-,-,-,-,-,-,-,-,-,-,-,-,-,-,-,-,-,-,-,-,-,-,-,-,-,-,-,-,"1998,8"
30,Recife (Várzea),fev/2014,"0,0","6,0","11,6","0,8","0,0","9,0","35,0","13,0","24,3","12,4","0,4","0,2","3,0","16,6","0,0","0,0","0,0","0,0","0,0","12,5","0,4","5,1","0,6","0,0","0,0","0,0","0,0","0,0",-,-,-,"15807,2"
480,Recife - PCD,fev/2014,-,-,-,-,-,-,-,-,-,-,-,-,-,-,-,-,-,-,-,-,-,-,-,-,-,-,-,-,-,-,-,"1418,8"
265,Recife (Alto da Brasileira),mar/2014,"15,9","0,0","0,0","0,0","0,0","0,0","0,0","0,0","8,0","0,0","8,0","14,6","5,2","0,0","0,3","0,0","22,1","1,8","11,4","34,0","0,0","0,0","2,8","3,6","0,0","0,5","0,0","0,0","0,0","0,8","1,6","13419,7"
196,Recife (Codecipe / Santo Amaro),mar/2014,-,-,-,-,-,-,-,-,-,-,-,-,-,-,-,-,-,-,-,-,-,-,-,-,-,-,-,-,-,-,-,"5055,8"
344,Recife (Lamepe/Itep),mar/2014,-,-,-,-,-,-,-,-,-,-,-,-,-,-,-,-,-,-,-,-,-,-,-,-,-,-,-,-,-,-,-,"1611,6"
378,Recife (Santo Amaro),mar/2014,-,-,-,-,-,-,-,-,-,-,-,-,-,-,-,-,-,-,-,-,-,-,-,-,-,-,-,-,-,-,-,"1998,8"
30,Recife (Várzea),mar/2014,"33,0","0,0","0,0","0,0","0,4","43,2","0,0","0,0","3,0","1,2","5,0","5,7","49,2","6,7","1,0","0,0","37,0","0,6","9,0","43,0","0,4","0,4","2,2","0,0","0,0","3,4","0,0","5,2","1,0","1,0","0,0","15807,2"
480,Recife - PCD,mar/2014,-,-,-,-,-,-,-,-,-,-,-,-,-,-,-,-,-,-,-,-,-,-,-,-,-,-,-,-,-,-,-,"1418,8"
265,Recife (Alto da Brasileira),abr/2014,"0,0","0,8","0,0","2,6","0,0","11,9","31,5","0,0","0,7","0,4","2,9","1,2","14,7","0,0","3,1","0,7","6,1","0,0","0,0","0,0","0,0","19,2","13,5","0,0","0,0","0,0","0,0","0,0","14,5","86,3",-,"13419,7"
196,Recife (Codecipe / Santo Amaro),abr/2014,-,-,-,-,-,-,"84,2",-,-,-,-,-,-,-,-,-,-,-,-,-,-,-,-,-,-,-,-,-,-,-,-,"5055,8"
344,Recife (Lamepe/Itep),abr/2014,-,-,-,-,-,-,-,-,-,-,-,-,-,-,-,-,-,-,-,-,-,-,-,-,-,-,-,-,-,-,-,"1611,6"
378,Recife (Santo Amaro),abr/2014,-,-,-,-,-,-,-,-,-,-,-,-,-,-,-,-,-,-,-,-,-,-,-,-,-,-,-,-,-,-,-,"1998,8"
30,Recife (Várzea),abr/2014,"2,5","5,0","0,2","13,0","15,8","8,0","71,3","0,0","0,0","7,4","8,0","3,2","5,4","14,0","3,2","0,0","1,4","0,4","0,0","0,0","0,0","100,0","1,4","0,0","0,0","0,0","0,0","0,0","31,4","47,8",-,"15807,2"
480,Recife - PCD,abr/2014,-,-,-,-,-,-,-,-,-,-,-,-,-,-,-,-,-,-,-,-,-,-,-,-,-,-,-,-,-,-,-,"1418,8"
265,Recife (Alto da Brasileira),mai/2014,"16,2","5,4","42,0","0,4","9,6","6,8","25,0","2,1","0,0","0,6","0,0","0,0","6,5","24,4","6,5","4,6","2,1","0,0","2,6","0,0","4,0","12,7","0,0","7,6","0,0","0,0","0,0","18,0","85,0","0,3","0,0","13419,7"
196,Recife (Codecipe / Santo Amaro),mai/2014,-,-,-,-,-,-,-,-,-,-,-,-,-,-,-,-,-,-,-,-,-,-,-,-,-,-,-,-,-,-,-,"5055,8"
344,Recife (Lamepe/Itep),mai/2014,-,-,-,-,-,-,-,-,-,-,-,-,-,-,-,-,-,-,-,-,-,-,-,-,-,-,-,-,-,-,-,"1611,6"
378,Recife (Santo Amaro),mai/2014,-,-,-,-,-,-,-,-,-,-,-,-,-,-,-,-,-,-,-,-,-,-,-,-,-,-,-,-,-,-,-,"1998,8"
30,Recife (Várzea),mai/2014,"24,1","18,8","35,3","0,7","12,0","13,7","27,9","14,4","7,1","0,0","0,0","0,6","14,4","36,0","7,4","1,0","3,8","1,2","4,0","1,0","10,0","8,4","7,5","0,0","0,0","0,0","1,8","22,0","39,4","0,0","0,0","15807,2"
480,Recife - PCD,mai/2014,-,-,-,-,-,-,-,-,-,-,-,-,-,-,-,-,-,-,-,-,-,-,-,-,-,-,-,-,-,-,-,"1418,8"
265,Recife (Alto da Brasileira),jun/2014,"9,8","0,5","0,6","0,0","0,0","20,2","2,2","2,0","0,0","8,0","0,0","11,2","3,0","19,7","28,0","0,0","0,0","3,6","12,0","0,0","0,0","0,0","2,3","44,7","8,5","19,7","88,9","0,6","24,1","0,6",-,"13419,7"
196,Recife (Codecipe / Santo Amaro),jun/2014,-,-,-,-,-,-,-,-,-,-,-,-,-,-,-,-,-,-,-,-,-,-,-,-,-,-,-,-,-,-,-,"5055,8"
344,Recife (Lamepe/Itep),jun/2014,-,-,-,-,-,-,-,-,-,-,-,-,-,-,-,-,-,-,-,-,-,-,-,-,-,-,-,-,-,-,-,"1611,6"
378,Recife (Santo Amaro),jun/2014,-,-,-,-,-,-,-,-,-,-,-,-,-,-,-,-,-,-,-,-,-,-,-,-,-,-,-,-,-,-,-,"1998,8"
30,Recife (Várzea),jun/2014,"1,0","0,0","0,0","0,0","0,0","33,7","6,6","2,6","0,0","2,8","0,2","5,4","12,6","11,1","30,2","1,5","0,0","0,0","4,0","0,0","0,2","2,9","2,2","30,8","18,3","85,0","35,8","1,8","29,0","2,2",-,"15807,2"
480,Recife - PCD,jun/2014,-,-,-,-,-,-,-,-,-,-,-,-,-,-,-,-,-,-,-,-,-,-,-,-,-,-,-,-,-,-,-,"1418,8"
265,Recife (Alto da Brasileira),jul/2014,"0,0","1,2","8,0","0,0","0,0","0,4","3,5","7,6","0,0","1,6","0,0","0,0","72,0","20,0","0,0","0,0","0,0","6,8","9,2","0,0","0,0","1,4","1,0","26,3","0,0","2,0","0,0","14,8","4,1","5,0","0,3","13419,7"
196,Recife (Codecipe / Santo Amaro),jul/2014,-,-,-,-,-,-,-,-,-,-,-,-,-,-,-,-,-,-,-,-,-,-,-,-,-,-,-,-,-,-,-,"5055,8"
344,Recife (Lamepe/Itep),jul/2014,-,-,-,-,-,-,-,-,-,-,-,-,-,-,-,-,-,-,-,-,-,-,-,-,-,-,-,-,-,-,-,"1611,6"
378,Recife (Santo Amaro),jul/2014,-,-,-,-,-,-,-,-,-,-,-,-,-,-,-,-,-,-,-,-,-,-,-,-,-,-,-,-,-,-,-,"1998,8"
30,Recife (Várzea),jul/2014,"0,0","1,2","11,4","0,0","0,4","9,0","0,5","8,7","5,4","1,2","3,0","0,0","106,4","11,0","0,3","9,2","0,6","12,4","16,4","0,2","0,0","1,6","3,0","26,0","9,0","10,5","0,0","23,9","5,0","1,1","1,0","15807,2"
480,Recife - PCD,jul/2014,-,-,-,-,-,-,-,-,-,-,-,-,-,-,-,-,-,-,-,-,-,-,-,-,-,-,-,-,-,-,-,"1418,8"
265,Recife (Alto da Brasileira),ago/2014,"5,7","0,0","0,6","2,0","0,0","0,0","1,0","0,4","10,6","15,0","20,5","5,9","0,0","0,0","0,0","4,4","5,6","16,0","1,2","4,5","19,6","10,0","0,0","0,8","0,0","4,5","1,2","20,0","0,0","0,0","0,0","13419,7"
196,Recife (Codecipe / Santo Amaro),ago/2014,-,-,-,-,-,-,-,-,-,-,-,-,-,-,-,-,-,-,-,-,-,-,-,-,-,-,-,-,-,-,-,"5055,8"
344,Recife (Lamepe/Itep),ago/2014,-,-,-,-,-,-,-,-,-,-,-,-,-,-,-,-,-,-,-,-,-,-,-,-,-,-,-,-,-,-,-,"1611,6"
378,Recife (Santo Amaro),ago/2014,-,-,-,-,-,-,-,-,-,-,-,-,-,-,-,-,-,-,-,-,-,-,-,-,-,-,-,-,-,-,-,"1998,8"
30,Recife (Várzea),ago/2014,"4,7","0,0","1,2","2,6","0,0","0,0","1,8","9,0","7,2","35,6","10,6","3,9","10,6","0,2","0,2","4,0","4,5","5,4","6,8","1,0","12,4","7,2","0,2","5,2","0,0","0,6","7,2","20,2","0,0","0,0","0,0","15807,2"
480,Recife - PCD,ago/2014,-,-,-,-,-,-,-,-,-,-,-,-,-,-,-,-,-,-,-,-,-,-,-,-,-,-,-,-,-,-,-,"1418,8"
265,Recife (Alto da Brasileira),set/2014,"10,0","0,0","0,0","0,0","0,0","13,4","21,5","18,6","115,0","19,6","5,5","14,8","80,0","29,6","1,0","3,8","0,0","0,0","0,0","0,0","6,3","0,0","0,0","0,0","0,0","0,0","0,0","0,0","0,0","0,0",-,"13419,7"
196,Recife (Codecipe / Santo Amaro),set/2014,-,-,-,-,-,-,-,-,-,-,-,-,-,-,-,-,-,-,-,-,-,-,-,-,-,-,-,-,-,-,-,"5055,8"
344,Recife (Lamepe/Itep),set/2014,-,-,-,-,-,-,-,-,-,-,-,-,-,-,-,-,-,-,-,-,-,-,-,-,-,-,-,-,-,-,-,"1611,6"
378,Recife (Santo Amaro),set/2014,-,-,-,-,-,-,-,-,-,-,-,-,-,-,-,-,-,-,-,-,-,-,-,-,-,-,-,-,-,-,-,"1998,8"
30,Recife (Várzea),set/2014,"12,6","4,8","0,0","0,0","0,0","15,8","26,8","71,6","37,6","11,2","10,0","20,0","19,4","7,4","0,6","5,4","0,4","0,0","2,8","1,6","0,4","0,6","0,0","0,0","0,0","0,0","0,0","0,8","0,2","0,0",-,"15807,2"
480,Recife - PCD,set/2014,-,-,-,-,-,-,-,-,-,-,-,-,-,-,-,-,-,-,-,-,-,-,-,-,-,-,-,-,-,-,-,"1418,8"
265,Recife (Alto da Brasileira),out/2014,"3,0","0,0","8,5","1,2","0,0","16,6","46,8","4,0","1,0","7,6","23,1","8,0","0,0","0,0","0,0","0,0","3,5","1,5","3,5","0,0","0,0","1,0","0,0","3,0","4,0","0,4","4,5","0,0","0,0","0,8","3,5","13419,7"
196,Recife (Codecipe / Santo Amaro),out/2014,-,-,-,-,-,-,-,-,-,-,-,-,-,-,-,-,-,-,-,-,-,-,-,-,-,-,-,-,-,-,-,"5055,8"
344,Recife (Lamepe/Itep),out/2014,-,-,-,-,-,-,-,-,-,-,-,-,-,-,-,-,-,-,-,-,-,-,-,-,-,-,-,-,-,-,-,"1611,6"
378,Recife (Santo Amaro),out/2014,-,-,-,-,-,-,-,-,-,-,-,-,-,-,-,-,-,-,-,-,-,-,-,-,-,-,-,-,-,-,-,"1998,8"
30,Recife (Várzea),out/2014,"1,0","0,0","1,2","1,4","0,0","44,2","21,3","7,6","0,0","20,8","2,6","8,6","3,4","0,0","0,0","0,0","2,6","4,3","0,4","0,0","0,8","0,7","7,8","5,8","0,8","0,0","2,2","0,0","5,0","1,0","3,0","15807,2"
480,Recife - PCD,out/2014,-,-,-,-,-,-,-,-,-,-,-,-,-,-,-,-,-,-,-,-,-,-,-,-,-,-,-,-,-,-,-,"1418,8"
265,Recife (Alto da Brasileira),nov/2014,"0,0","3,0","2,4","43,0","0,0","0,0","1,8","1,0","0,0","0,0","0,0","0,0","0,0","0,0","0,0","0,0","0,0","0,0","0,0","0,2","0,0","0,0","0,0","0,0","0,0","0,0","2,8","1,6","0,0","0,0",-,"13419,7"
196,Recife (Codecipe / Santo Amaro),nov/2014,-,-,-,-,-,-,-,-,-,-,-,-,-,-,-,-,-,-,-,-,-,-,-,-,-,-,-,-,-,-,-,"5055,8"
344,Recife (Lamepe/Itep),nov/2014,-,-,-,-,-,-,-,-,-,-,-,-,-,-,-,-,-,-,-,-,-,-,-,-,-,-,-,-,-,-,-,"1611,6"
378,Recife (Santo Amaro),nov/2014,-,-,-,-,-,-,-,-,-,-,-,-,-,-,-,-,-,-,-,-,-,-,-,-,-,-,-,-,-,-,-,"1998,8"
30,Recife (Várzea),nov/2014,"3,7","0,6","0,2","18,6","0,0","0,0","2,8","0,0","0,0","0,0","0,0","3,0","0,0","0,0","0,6","0,0","0,0","0,0","0,0","0,0","0,0","4,6","6,8","0,0","0,0","0,0","8,0","3,3","3,4","0,4",-,"15807,2"
480,Recife - PCD,nov/2014,-,-,-,-,-,-,-,-,-,-,-,-,-,-,-,-,-,-,-,-,-,-,-,-,-,-,-,-,-,-,-,"1418,8"
265,Recife (Alto da Brasileira),dez/2014,"0,0","6,5","8,5","5,0","0,0","0,0","0,0","0,0","0,0","21,0","0,0","3,5","0,0","0,0","11,2","0,0","6,4","0,0","6,8","0,0","0,0","0,0","0,0","0,0","0,0","0,0","0,0","5,2","0,0","0,0","0,0","13419,7"
196,Recife (Codecipe / Santo Amaro),dez/2014,-,-,-,-,-,-,-,-,-,-,-,-,-,-,-,-,-,-,-,-,-,-,-,-,-,-,-,-,-,-,-,"5055,8"
344,Recife (Lamepe/Itep),dez/2014,-,-,-,-,-,-,-,-,-,-,-,-,-,-,-,-,-,-,-,-,-,-,-,-,-,-,-,-,-,-,-,"1611,6"
378,Recife (Santo Amaro),dez/2014,-,-,-,-,-,-,-,-,-,-,-,-,-,-,-,-,-,-,-,-,-,-,-,-,-,-,-,-,-,-,-,"1998,8"
30,Recife (Várzea),dez/2014,"0,2","8,5","11,2","2,2","0,0","0,0","0,0","0,0","3,6","10,6","2,0","7,1","2,0","0,0","11,2","0,8","2,0","0,4","2,4","1,7","0,0","0,0","1,6","0,0","0,2","0,0","0,0","3,6","0,0","0,0","0,0","15807,2"
480,Recife - PCD,dez/2014,-,-,-,-,-,-,-,-,-,-,-,-,-,-,-,-,-,-,-,-,-,-,-,-,-,-,-,-,-,-,-,"1418,8"
265,Recife (Alto da Brasileira),jan/2015,"0,0","31,6","0,0","0,0","0,0","0,0","0,0","0,0","0,0","0,5","0,6","3,7","0,0","0,0","0,0","0,0","0,0","0,0","0,0","0,0","0,0","0,0","0,0","13,6","0,0","0,0","0,0","0,0","0,0","0,0","0,0","13419,7"
196,Recife (Codecipe / Santo Amaro),jan/2015,-,-,-,-,-,-,-,-,-,-,-,-,-,-,-,-,-,-,-,-,-,-,-,-,-,-,-,-,-,-,-,"5055,8"
344,Recife (Lamepe/Itep),jan/2015,-,-,-,-,-,-,-,-,-,-,-,-,-,-,-,-,-,-,-,-,-,-,-,-,-,-,-,-,-,-,-,"1611,6"
378,Recife (Santo Amaro),jan/2015,-,-,-,-,-,-,-,-,-,-,-,-,-,-,-,-,-,-,-,-,-,-,-,-,-,-,-,-,-,-,-,"1998,8"
30,Recife (Várzea),jan/2015,"2,6","17,7","0,0","0,0","0,0","0,0","0,0","0,0","0,4","2,0","1,3","6,6","0,8","0,0","0,0","0,0","0,0","0,0","0,0","2,0","0,0","0,0","0,0","21,6","0,8","0,0","0,0","0,0","7,0","1,6","0,2","15807,2"
480,Recife - PCD,jan/2015,-,-,-,-,-,-,-,-,-,-,-,-,-,-,-,-,-,-,-,-,-,-,-,-,-,-,-,-,-,-,-,"1418,8"
265,Recife (Alto da Brasileira),fev/2015,"0,0","0,0","0,0","0,0","3,6","0,0","0,0","0,0","0,3","1,0","0,3","0,0","0,0","0,0","0,0","0,0","7,6","10,6","1,2","0,8","0,0","2,5","12,9","0,0","13,0","0,0","0,0","0,0",-,-,-,"13419,7"
196,Recife (Codecipe / Santo Amaro),fev/2015,-,-,-,-,-,-,-,-,-,-,-,-,-,-,-,-,-,-,-,-,-,-,-,-,-,-,-,-,-,-,-,"5055,8"
344,Recife (Lamepe/Itep),fev/2015,-,-,-,-,-,-,-,-,-,-,-,-,-,-,-,-,-,-,-,-,-,-,-,-,-,-,-,-,-,-,-,"1611,6"
378,Recife (Santo Amaro),fev/2015,-,-,-,-,-,-,-,-,-,-,-,-,-,-,-,-,-,-,-,-,-,-,-,-,-,-,-,-,-,-,-,"1998,8"
30,Recife (Várzea),fev/2015,"0,2","0,0","0,0","0,0","0,0","0,0","0,0","0,0","0,6","5,0","0,0","0,0","0,0","0,0","4,4","0,0","0,0","22,2","1,6","0,0","0,0","8,4","2,0","0,6","9,0","0,0","0,0","0,0",-,-,-,"15807,2"
480,Recife - PCD,fev/2015,-,-,-,-,-,-,-,-,-,-,-,-,-,-,-,-,-,-,-,-,-,-,-,-,-,-,-,-,-,-,-,"1418,8"
265,Recife (Alto da Brasileira),mar/2015,"0,0","0,0","0,0","0,0","0,0","35,0","2,2","12,0","75,7","0,0","0,0","0,0","0,0","0,0","0,8","1,4","0,0","0,0","0,0","48,0","12,0","11,0","3,5","30,0","6,5","0,0","0,0","0,0","0,0","30,0","6,5","13419,7"
196,Recife (Codecipe / Santo Amaro),mar/2015,-,-,-,-,-,-,-,-,-,-,-,-,-,-,-,-,-,-,-,-,-,-,-,-,-,-,-,-,-,-,-,"5055,8"
344,Recife (Lamepe/Itep),mar/2015,-,-,-,-,-,-,-,-,-,-,-,-,-,-,-,-,-,-,-,-,-,-,-,-,-,-,-,-,-,-,-,"1611,6"
378,Recife (Santo Amaro),mar/2015,-,-,-,-,-,-,-,-,-,-,-,-,-,-,-,-,-,-,-,-,-,-,-,-,-,-,-,-,-,-,-,"1998,8"
30,Recife (Várzea),mar/2015,"0,0","5,0","1,2","1,6","7,9","65,3","0,0","9,0","76,3","2,0","1,8","0,0","0,0","0,0","0,0","3,0","1,2","0,0","0,0","79,6","2,6","18,3","0,0","22,6","3,0","0,0","0,0","0,0","0,0","41,4","0,0","15807,2"
480,Recife - PCD,mar/2015,-,-,-,-,-,-,-,-,-,-,-,-,-,-,-,-,-,-,-,-,-,-,-,-,-,-,-,-,-,-,-,"1418,8"
265,Recife (Alto da Brasileira),abr/2015,"0,0","0,0","0,0","0,0","0,0","0,0","0,0","0,0","0,0","0,0","0,0","2,1","0,0","0,0","0,0","1,9","0,0","0,0","0,0","0,0","0,0","1,8","10,0","12,1","7,6","0,0","0,0","0,0","0,0","5,7",-,"13419,7"
196,Recife (Codecipe / Santo Amaro),abr/2015,-,-,-,-,-,-,-,-,-,-,-,-,-,-,-,-,-,-,-,-,-,-,-,-,-,-,-,-,-,-,-,"5055,8"
344,Recife (Lamepe/Itep),abr/2015,-,-,-,-,-,-,-,-,-,-,-,-,-,-,-,-,-,-,-,-,-,-,-,-,-,-,-,-,-,-,-,"1611,6"
378,Recife (Santo Amaro),abr/2015,-,-,-,-,-,-,-,-,-,-,-,-,-,-,-,-,-,-,-,-,-,-,-,-,-,-,-,-,-,-,-,"1998,8"
30,Recife (Várzea),abr/2015,"0,0","0,0","0,0","0,0","0,0","0,0","0,0","0,0","0,4","0,0","1,4","0,8","0,0","0,0","0,0","3,4","0,0","0,0","0,0","0,0","0,0","8,0","22,2","34,2","4,0","0,0","0,0","0,0","0,0","0,0",-,"15807,2"
480,Recife - PCD,abr/2015,-,-,-,-,-,-,-,-,-,-,-,-,-,-,-,-,-,-,-,-,-,-,-,-,-,-,-,-,-,-,-,"1418,8"
265,Recife (Alto da Brasileira),mai/2015,"0,0","0,0","0,0","0,0","0,0","0,0","0,0","0,0","0,0","0,0","0,0","0,0","0,0","4,6","3,0","4,0","10,4","2,0","20,0","4,8","10,0","3,8","12,0","2,3","0,0","0,0","17,0","33,3","0,6","24,8","64,4","13419,7"
196,Recife (Codecipe / Santo Amaro),mai/2015,-,-,-,-,-,-,-,-,-,-,-,-,-,-,-,-,-,-,-,-,-,-,-,-,-,-,-,-,-,-,-,"5055,8"
344,Recife (Lamepe/Itep),mai/2015,-,-,-,-,-,-,-,-,-,-,-,-,-,-,-,-,-,-,-,-,-,-,-,-,-,-,-,-,-,-,-,"1611,6"
378,Recife (Santo Amaro),mai/2015,-,-,-,-,-,-,-,-,-,-,-,-,-,-,-,-,-,-,-,-,-,-,-,-,-,-,-,-,-,-,-,"1998,8"
30,Recife (Várzea),mai/2015,"0,0","0,0","0,6","10,8","0,0","0,0","7,4","0,0","0,0","0,0","1,5","0,0","0,0","7,2","2,5","6,8","0,5","1,6","5,6","12,2","1,6","0,2","5,2","0,9","1,2","1,5","5,0","18,0","0,0","76,7","4,0","15807,2"
480,Recife - PCD,mai/2015,-,-,-,-,-,-,-,-,-,-,-,-,-,-,-,-,-,-,-,-,-,-,-,-,-,-,-,-,-,-,-,"1418,8"
265,Recife (Alto da Brasileira),jun/2015,"0,8","0,0","1,9","45,0","1,8","19,0","12,8","36,0",-,"0,0","0,0","0,0","0,0","0,0","10,2","0,0","0,0","0,0","0,7","5,6","1,8","15,0","6,0","27,6","26,0","39,7","12,6","5,0","119,0","5,2",-,"13419,7"
196,Recife (Codecipe / Santo Amaro),jun/2015,-,-,-,-,-,-,-,-,-,-,-,-,-,-,-,-,-,-,-,-,-,-,-,-,-,-,-,-,-,-,-,"5055,8"
344,Recife (Lamepe/Itep),jun/2015,-,-,-,-,-,-,-,-,-,-,-,-,-,-,-,-,-,-,-,-,-,-,-,-,-,-,-,-,-,-,-,"1611,6"
378,Recife (Santo Amaro),jun/2015,-,-,-,-,-,-,-,-,-,-,-,-,-,-,-,-,-,-,-,-,-,-,-,-,-,-,-,-,-,-,-,"1998,8"
30,Recife (Várzea),jun/2015,"0,0","2,3","0,2","22,0","4,6","31,8","33,0","5,0","4,6","15,0","0,4","18,4","0,4","1,0","5,9","1,0","0,8","0,0","2,7","9,6","9,0","22,6","15,2","27,0","33,0","9,6","22,4","5,4","139,3","7,2",-,"15807,2"
480,Recife - PCD,jun/2015,-,-,-,-,-,-,-,-,-,-,-,-,-,-,-,-,-,-,-,-,-,-,-,-,-,-,-,-,-,-,-,"1418,8"
265,Recife (Alto da Brasileira),jul/2015,"12,0","6,1","24,0","68,9","59,6","0,0","0,0","4,2","0,0","0,0","2,1","5,9","5,4","5,3","13,0","13,6","40,0","5,3","5,0","1,8","20,0","3,2","35,0","36,8","8,0","9,2","20,0","12,6","67,0","3,2","1,0","13419,7"
196,Recife (Codecipe / Santo Amaro),jul/2015,-,-,-,-,-,-,-,-,-,-,-,-,-,-,-,-,-,-,-,-,-,-,-,-,-,-,-,-,-,-,-,"5055,8"
344,Recife (Lamepe/Itep),jul/2015,-,-,-,-,-,-,-,-,-,-,-,-,-,-,-,-,-,-,-,-,-,-,-,-,-,-,-,-,-,-,-,"1611,6"
378,Recife (Santo Amaro),jul/2015,-,-,-,-,-,-,-,-,-,-,-,-,-,-,-,-,-,-,-,-,-,-,-,-,-,-,-,-,-,-,-,"1998,8"
30,Recife (Várzea),jul/2015,"6,0","8,0","31,0","109,0","22,6","2,0","0,0","8,0","0,0","0,0","8,2","8,0","3,9","0,0","3,6","12,8","23,6","4,0","15,0","9,8","18,0","19,1","12,5","18,2","0,0","8,2","10,2","38,1","17,2","16,7","11,8","15807,2"
480,Recife - PCD,jul/2015,-,-,-,-,-,-,-,-,-,-,-,-,-,-,-,-,-,-,-,-,-,-,-,-,-,-,-,-,-,-,-,"1418,8"
265,Recife (Alto da Brasileira),ago/2015,"1,4","16,0","0,0","0,0","6,0","0,0","0,0","0,0","0,0","0,0","3,4","0,0","0,0","2,0","8,5","9,1","0,0","1,5","1,4","3,0","0,0","6,0","0,0","0,0","0,0","0,0","0,0","0,0","0,0","8,0","2,4","13419,7"
196,Recife (Codecipe / Santo Amaro),ago/2015,-,-,-,-,-,-,-,-,-,-,-,-,-,-,-,-,-,-,-,-,-,-,-,-,-,-,-,-,-,-,-,"5055,8"
344,Recife (Lamepe/Itep),ago/2015,-,-,-,-,-,-,-,-,-,-,-,-,-,-,-,-,-,-,-,-,-,-,-,-,-,-,-,-,-,-,-,"1611,6"
378,Recife (Santo Amaro),ago/2015,-,-,-,-,-,-,-,-,-,-,-,-,-,-,-,-,-,-,-,-,-,-,-,-,-,-,-,-,-,-,-,"1998,8"
30,Recife (Várzea),ago/2015,"9,5","14,6","0,1","0,0","5,0","1,2","0,0","0,4","12,2","0,2","9,3","6,1","7,6","5,0","9,0","12,0","0,0","0,0","1,6","1,2","12,4","2,0","0,0","0,0","0,0","0,0","0,0","0,0","0,0","5,6","1,6","15807,2"
480,Recife - PCD,ago/2015,-,-,-,-,-,-,-,-,-,-,-,-,-,-,-,-,-,-,-,-,-,-,-,-,-,-,-,-,-,-,-,"1418,8"
265,Recife (Alto da Brasileira),set/2015,"30,0","1,2","0,0","0,0","0,0","0,0","0,0","0,0","1,0","0,0","0,0","0,0","1,0",-,"8,0","0,8","3,0","0,0","0,0","0,0","0,0","0,0","0,0","0,0","0,0","0,0","0,0","0,0","0,0","0,0",-,"13419,7"
196,Recife (Codecipe / Santo Amaro),set/2015,-,-,-,-,-,-,-,-,-,-,-,-,-,-,-,-,-,-,-,-,-,-,-,-,-,-,-,-,-,-,-,"5055,8"
344,Recife (Lamepe/Itep),set/2015,-,-,-,-,-,-,-,-,-,-,-,-,-,-,-,-,-,-,-,-,-,-,-,-,-,-,-,-,-,-,-,"1611,6"
378,Recife (Santo Amaro),set/2015,-,-,-,-,-,-,-,-,-,-,-,-,-,-,-,-,-,-,-,-,-,-,-,-,-,-,-,-,-,-,-,"1998,8"
30,Recife (Várzea),set/2015,"16,2","0,3","0,0","0,6","0,0","0,0","0,0","0,0","1,8","0,0","0,0","0,6","1,4","0,0","2,6","0,8","4,2","1,0","0,2","0,0","0,0","0,0","0,0","0,0","0,0","0,0","0,0","0,0","0,0","0,0",-,"15807,2"
480,Recife - PCD,set/2015,-,-,-,-,-,-,-,-,-,-,-,-,-,-,-,-,-,-,-,-,-,-,-,-,-,-,-,-,-,-,-,"1418,8"
265,Recife (Alto da Brasileira),out/2015,"0,0","0,0","0,0","0,0","0,0","0,0","0,0","0,0","0,0","0,0","0,0","0,0","0,0","11,0","6,5","0,0","0,0","3,2","0,0","0,0","0,0","0,0","0,0","0,0","0,0","0,0","0,0","0,0","0,0","0,0","0,0","13419,7"
196,Recife (Codecipe / Santo Amaro),out/2015,-,-,-,-,-,-,-,-,-,-,-,-,-,-,-,-,-,-,-,-,-,-,-,-,-,-,-,-,-,-,-,"5055,8"
344,Recife (Lamepe/Itep),out/2015,-,-,-,-,-,-,-,-,-,-,-,-,-,-,-,-,-,-,-,-,-,-,-,-,-,-,-,-,-,-,-,"1611,6"
378,Recife (Santo Amaro),out/2015,-,-,-,-,-,-,-,-,-,-,-,-,-,-,-,-,-,-,-,-,-,-,-,-,-,-,-,-,-,-,-,"1998,8"
30,Recife (Várzea),out/2015,"0,0","0,0","0,0","0,0","0,0","0,0","0,0","0,0","0,0","0,2","0,0","3,4","0,0","3,0","2,7","0,6","0,0","6,3","0,0","0,0","0,0","0,0","0,0","0,0","0,0","0,0","0,0","0,0","0,0","0,0","0,0","15807,2"
480,Recife - PCD,out/2015,-,-,-,-,-,-,-,-,-,-,-,-,-,-,-,-,-,-,-,-,-,-,-,-,-,-,-,-,-,-,-,"1418,8"
265,Recife (Alto da Brasileira),nov/2015,"0,0","0,0","0,0","0,0","0,0","0,0","0,0","0,0","0,0","6,5","0,0","1,0","0,0","0,0","0,0","0,0","0,5","1,8","0,0","0,0","0,0","0,0","0,0","0,0","0,0","0,0","0,0","0,0","0,0","0,0",-,"13419,7"
196,Recife (Codecipe / Santo Amaro),nov/2015,-,-,-,-,-,-,-,-,-,-,-,-,-,-,-,-,-,-,-,-,-,-,-,-,-,-,-,-,-,-,-,"5055,8"
344,Recife (Lamepe/Itep),nov/2015,-,-,-,-,-,-,-,-,-,-,-,-,-,-,-,-,-,-,-,-,-,-,-,-,-,-,-,-,-,-,-,"1611,6"
378,Recife (Santo Amaro),nov/2015,-,-,-,-,-,-,-,-,-,-,-,-,-,-,-,-,-,-,-,-,-,-,-,-,-,-,-,-,-,-,-,"1998,8"
30,Recife (Várzea),nov/2015,"0,0","0,0","0,0","2,6","0,0","0,0","0,0","0,0","0,0","20,2","0,0","0,0","0,0","0,0","2,0","0,0","2,0","3,8","0,0","0,0","0,0","0,0","0,0","0,0","0,0","0,0","0,0","0,0","0,0","0,0",-,"15807,2"
480,Recife - PCD,nov/2015,-,-,-,-,-,-,-,-,-,-,-,-,-,-,-,-,-,-,-,-,-,-,-,-,-,-,-,-,-,-,-,"1418,8"
265,Recife (Alto da Brasileira),dez/2015,"0,0","0,0","0,0","0,0","0,0","0,0","0,0","0,0","0,0","2,8","0,0","0,0","0,0","0,0","0,0","1,4","0,0","6,4","2,6","0,0","0,0","0,0","5,5","3,4","9,8","1,4","0,6","1,5","9,4","0,4","0,0","13419,7"
196,Recife (Codecipe / Santo Amaro),dez/2015,-,-,-,-,-,-,-,-,-,-,-,-,-,-,-,-,-,-,-,-,-,-,-,-,-,-,-,-,-,-,-,"5055,8"
344,Recife (Lamepe/Itep),dez/2015,-,-,-,-,-,-,-,-,-,-,-,-,-,-,-,-,-,-,-,-,-,-,-,-,-,-,-,-,-,-,-,"1611,6"
378,Recife (Santo Amaro),dez/2015,-,-,-,-,-,-,-,-,-,-,-,-,-,-,-,-,-,-,-,-,-,-,-,-,-,-,-,-,-,-,-,"1998,8"
30,Recife (Várzea),dez/2015,"0,0","0,0","0,0","0,0","0,0","0,0","0,0","0,0","0,0","0,0","0,0","0,0","0,0","0,0","1,8","7,4","0,0","4,0","5,8","1,0","0,2","1,8","4,7","2,6","49,0","1,3","4,2","3,0","5,0","0,0","0,0","15807,2"
480,Recife - PCD,dez/2015,-,-,-,-,-,-,-,-,-,-,-,-,-,-,-,-,-,-,-,-,-,-,-,-,-,-,-,-,-,-,-,"1418,8"
265,Recife (Alto da Brasileira),jan/2016,"0,0","1,5","0,0","0,0","0,0","0,0","0,0","0,0","1,0","2,8","6,7","0,0","0,0","0,0","0,0","0,0","2,6","0,0","10,7","6,1","2,7","6,9","3,8","0,0","0,0","6,0","0,0","0,0","0,0","32,8","2,3","13419,7"
196,Recife (Codecipe / Santo Amaro),jan/2016,-,-,-,-,-,-,-,-,-,-,-,-,-,-,-,-,-,-,-,-,-,-,-,-,-,-,-,-,-,-,-,"5055,8"
344,Recife (Lamepe/Itep),jan/2016,-,-,-,-,-,-,-,-,-,-,-,-,-,-,-,-,-,-,-,-,-,-,-,-,-,-,-,-,-,-,-,"1611,6"
378,Recife (Santo Amaro),jan/2016,-,-,-,-,-,-,-,-,-,-,-,-,-,-,-,-,-,-,-,-,-,-,-,-,-,-,-,-,-,-,-,"1998,8"
30,Recife (Várzea),jan/2016,"0,0","0,0","0,0","0,0","0,0","0,0","0,0","0,0","4,4","25,7","3,0","1,0","0,0","0,0","1,0","2,6","3,6","6,0","14,8","24,8","3,2","13,8","1,0","0,0","0,0","0,0","0,0","0,0","0,0","14,7","0,0","15807,2"
480,Recife - PCD,jan/2016,-,-,-,-,-,-,-,-,-,-,-,-,-,-,-,-,-,-,-,-,-,-,-,-,-,-,-,-,-,-,-,"1418,8"
265,Recife (Alto da Brasileira),fev/2016,"1,7","2,3","0,0","0,0","0,0","0,0","0,0","3,7","0,5","1,3","0,0","0,8","0,0","0,0","0,0","0,0","0,0","0,0","0,0","0,0","0,0","0,0","0,0","0,0","0,0","0,0","0,0","0,0","0,0",-,-,"13419,7"
196,Recife (Codecipe / Santo Amaro),fev/2016,-,-,-,-,-,-,-,-,-,-,-,-,-,-,-,-,-,-,-,-,-,-,-,-,-,-,-,-,-,-,-,"5055,8"
344,Recife (Lamepe/Itep),fev/2016,-,-,-,-,-,-,-,-,-,-,-,-,-,-,-,-,-,-,-,-,-,-,-,-,-,-,-,-,-,-,-,"1611,6"
378,Recife (Santo Amaro),fev/2016,-,-,-,-,-,-,-,-,-,-,-,-,-,-,-,-,-,-,-,-,-,-,-,-,-,-,-,-,-,-,-,"1998,8"
30,Recife (Várzea),fev/2016,"6,2","1,6","0,0","0,0","0,0","0,0","0,0","2,4","4,6","2,0","1,4","0,2","0,0","0,0","8,4","2,8","0,0","27,0","4,6","1,8","4,2","2,1","1,6","0,0","0,0","0,0","0,0","0,0","0,0",-,-,"15807,2"
480,Recife - PCD,fev/2016,-,-,-,-,-,-,-,-,-,-,-,-,-,-,-,-,-,-,-,-,-,-,-,-,-,-,-,-,-,-,-,"1418,8"
265,Recife (Alto da Brasileira),mar/2016,"0,0","0,0","0,3","5,5","0,0","0,0","0,0","0,0","0,0","0,0","0,0","0,0","0,0","0,0","19,5","10,0","10,3","0,0",-,-,"0,0","0,0","3,5","7,0","9,4","0,0","0,1",-,"16,7","31,2","0,0","13419,7"
196,Recife (Codecipe / Santo Amaro),mar/2016,-,-,-,-,-,-,-,-,-,-,-,-,-,-,-,-,-,-,-,-,-,-,-,-,-,-,-,-,-,-,-,"5055,8"
344,Recife (Lamepe/Itep),mar/2016,-,-,-,-,-,-,-,-,-,-,-,-,-,-,-,-,-,-,-,-,-,-,-,-,-,-,-,-,-,-,-,"1611,6"
378,Recife (Santo Amaro),mar/2016,-,-,-,-,-,-,-,-,-,-,-,-,-,-,-,-,-,-,-,-,-,-,-,-,-,-,-,-,-,-,-,"1998,8"
30,Recife (Várzea),mar/2016,"0,0","0,0","8,4","45,8","0,0","0,2","0,4","0,0","0,0","0,0","0,0","0,0","0,0","0,0","19,8","8,0","52,0","0,0","4,0","0,0","0,0","13,0","11,4","0,0","13,2","2,2","0,0","0,7","0,0","65,2","0,0","15807,2"
480,Recife - PCD,mar/2016,-,-,-,-,-,-,-,-,-,-,-,-,-,-,-,-,-,-,-,-,-,-,-,-,-,-,-,-,-,-,-,"1418,8"
265,Recife (Alto da Brasileira),abr/2016,"3,1","3,7","0,0","0,0","0,0","5,4","0,0","2,8","0,0","0,0","4,5","15,5","0,0","35,5","0,0","115,2","112,9","6,1","0,0","1,7","1,7","0,0","0,0","0,0","0,0","5,5","0,0","0,0","0,0","1,0",-,"13419,7"
196,Recife (Codecipe / Santo Amaro),abr/2016,-,-,-,-,-,-,-,-,-,-,-,-,-,-,-,-,-,-,-,-,-,-,-,-,-,-,-,-,-,-,-,"5055,8"
344,Recife (Lamepe/Itep),abr/2016,-,-,-,-,-,-,-,-,-,-,-,-,-,-,-,-,-,-,-,-,-,-,-,-,-,-,-,-,-,-,-,"1611,6"
378,Recife (Santo Amaro),abr/2016,-,-,-,-,-,-,-,-,-,-,-,-,-,-,-,-,-,-,-,-,-,-,-,-,-,-,-,-,-,-,-,"1998,8"
30,Recife (Várzea),abr/2016,"13,0","1,0","0,0","3,8","0,0","8,5","0,6","0,0","0,8","0,0","35,2","6,5","2,4","11,0","0,0","101,8","58,0","17,2","3,0","0,0","0,0","1,4","0,0","0,0","6,2","11,4","0,0","3,4","1,0","5,4",-,"15807,2"
480,Recife - PCD,abr/2016,-,-,-,-,-,-,-,-,-,-,-,-,-,-,-,-,-,-,-,-,-,-,-,-,-,-,-,-,-,-,-,"1418,8"
265,Recife (Alto da Brasileira),mai/2016,"5,5","48,4","2,5",-,"1,5","4,9","0,0","0,8","37,3","112,4","7,7","6,3","0,0","0,0","0,0","0,0","3,7","0,0","0,0","0,0","0,0","0,0","0,0","5,0","27,9","16,1","0,6","0,0","0,3","82,3","1,6","13419,7"
196,Recife (Codecipe / Santo Amaro),mai/2016,-,-,-,-,-,-,-,-,-,-,-,-,-,-,-,-,-,-,-,-,-,-,-,-,-,-,-,-,-,-,-,"5055,8"
344,Recife (Lamepe/Itep),mai/2016,-,-,-,-,-,-,-,-,-,-,-,-,-,-,-,-,-,-,-,-,-,-,-,-,-,-,-,-,-,-,-,"1611,6"
378,Recife (Santo Amaro),mai/2016,-,-,-,-,-,-,-,-,-,-,-,-,-,-,-,-,-,-,-,-,-,-,-,-,-,-,-,-,-,-,-,"1998,8"
30,Recife (Várzea),mai/2016,"2,9","60,6","4,8","1,0","1,2","23,4","0,9","0,8","54,1","102,1","14,0","0,8","0,0","0,0","0,0","0,8","13,8","0,6","0,8","0,0","0,0","0,0","0,0","10,2","39,8","8,4","1,2","0,0","3,8","119,8","13,0","15807,2"
480,Recife - PCD,mai/2016,-,-,-,-,-,-,-,-,-,-,-,-,-,-,-,-,-,-,-,-,-,-,-,-,-,-,-,-,-,-,-,"1418,8"
265,Recife (Alto da Brasileira),jun/2016,"0,7","0,0","4,3","43,3","14,5","1,9","0,6","0,0","0,0","0,0","0,0","0,0","2,0","15,4","0,0","0,0","0,0","0,0","0,0","2,6","1,6","17,3","10,8","2,1","0,0","0,0","4,9","18,8","0,0","0,0",-,"13419,7"
196,Recife (Codecipe / Santo Amaro),jun/2016,-,-,-,-,-,-,-,-,-,-,-,-,-,-,-,-,-,-,-,-,-,-,-,-,-,-,-,-,-,-,-,"5055,8"
344,Recife (Lamepe/Itep),jun/2016,-,-,-,-,-,-,-,-,-,-,-,-,-,-,-,-,-,-,-,-,-,-,-,-,-,-,-,-,-,-,-,"1611,6"
378,Recife (Santo Amaro),jun/2016,-,-,-,-,-,-,-,-,-,-,-,-,-,-,-,-,-,-,-,-,-,-,-,-,-,-,-,-,-,-,-,"1998,8"
30,Recife (Várzea),jun/2016,-,"0,0","10,4","36,0","14,8","4,6","1,8","0,2","0,0","0,0","0,0","0,0","2,0","11,0","2,5","0,0","0,0","0,0","1,6","1,8","0,4","16,6","7,6","11,2","0,0","2,4","6,8","14,2","0,2","0,6",-,"15807,2"
480,Recife - PCD,jun/2016,-,-,-,-,-,-,-,-,-,-,-,-,-,-,-,-,-,-,-,-,-,-,-,-,-,-,-,-,-,-,-,"1418,8"
265,Recife (Alto da Brasileira),jul/2016,"3,3","0,0","9,2","0,5","0,8","1,8","3,7","0,0","0,0","0,0","0,8","0,7","21,9","24,3","2,9","1,9","2,5","0,0","0,0","15,9","1,5","0,0","2,0","0,6","4,0","0,1","0,5","2,3","4,2","5,7","4,2","13419,7"
196,Recife (Codecipe / Santo Amaro),jul/2016,-,-,-,-,-,-,-,-,-,-,-,-,-,-,-,-,-,-,-,-,-,-,-,-,-,-,-,-,-,-,-,"5055,8"
344,Recife (Lamepe/Itep),jul/2016,-,-,-,-,-,-,-,-,-,-,-,-,-,-,-,-,-,-,-,-,-,-,-,-,-,-,-,-,-,-,-,"1611,6"
378,Recife (Santo Amaro),jul/2016,-,-,-,-,-,-,-,-,-,-,-,-,-,-,-,-,-,-,-,-,-,-,-,-,-,-,-,-,-,-,-,"1998,8"
30,Recife (Várzea),jul/2016,"4,4","0,4","4,1","5,4","3,4","2,6","8,2","0,0","0,0","0,6","0,0","4,0","25,0","9,6","1,9","1,4","2,2","0,0","0,0","17,9","0,4","0,0","0,0","3,2","0,3","0,0","2,1","2,0","2,6","5,8","3,6","15807,2"
480,Recife - PCD,jul/2016,-,-,-,-,-,-,-,-,-,-,-,-,-,-,-,-,-,-,-,-,-,-,-,-,-,-,-,-,-,-,-,"1418,8"
265,Recife (Alto da Brasileira),ago/2016,"0,0","1,5","0,9","2,0","0,4","3,7","3,0","0,0","0,0","3,2","0,0","0,0","0,0","0,0","0,0","5,4","0,0","0,0","0,0","8,4","0,0","7,2","0,0","7,3","0,0","0,0","0,0","6,7","3,3","0,0","11,3","13419,7"
196,Recife (Codecipe / Santo Amaro),ago/2016,-,-,-,-,-,-,-,-,-,-,-,-,-,-,-,-,-,-,-,-,-,-,-,-,-,-,-,-,-,-,-,"5055,8"
344,Recife (Lamepe/Itep),ago/2016,-,-,-,-,-,-,-,-,-,-,-,-,-,-,-,-,-,-,-,-,-,-,-,-,-,-,-,-,-,-,-,"1611,6"
378,Recife (Santo Amaro),ago/2016,-,-,-,-,-,-,-,-,-,-,-,-,-,-,-,-,-,-,-,-,-,-,-,-,-,-,-,-,-,-,-,"1998,8"
30,Recife (Várzea),ago/2016,"0,0","1,0","2,4","0,5","0,6","1,4","2,0","0,0","0,0","1,7","1,3","0,0","0,0","0,0","1,0","4,4","0,0","0,0","1,2","3,1","0,4","0,0","0,8","13,8","0,0","0,0","0,4","7,8","4,0","0,3","10,2","15807,2"
480,Recife - PCD,ago/2016,-,-,-,-,-,-,-,-,-,-,-,-,-,-,-,-,-,-,-,-,-,-,-,-,-,-,-,-,-,-,-,"1418,8"
265,Recife (Alto da Brasileira),set/2016,"2,9","0,0","6,5","0,0","2,0","0,0","1,0","0,0","0,0","2,3","18,2","0,0","8,2","0,0","0,4","0,0","0,8","0,0","0,0","0,0","0,0","0,0","0,0","0,0","0,0","0,0","0,0","0,0","0,0","0,0",-,"13419,7"
196,Recife (Codecipe / Santo Amaro),set/2016,-,-,-,-,-,-,-,-,-,-,-,-,-,-,-,-,-,-,-,-,-,-,-,-,-,-,-,-,-,-,-,"5055,8"
344,Recife (Lamepe/Itep),set/2016,-,-,-,-,-,-,-,-,-,-,-,-,-,-,-,-,-,-,-,-,-,-,-,-,-,-,-,-,-,-,-,"1611,6"
378,Recife (Santo Amaro),set/2016,-,-,-,-,-,-,-,-,-,-,-,-,-,-,-,-,-,-,-,-,-,-,-,-,-,-,-,-,-,-,-,"1998,8"
30,Recife (Várzea),set/2016,"0,0","7,0",-,-,"6,8","1,8","0,4","0,0","0,0","9,0","21,6","0,0","0,0","0,0","0,0","0,0","0,0","0,0","0,0","0,0","0,0","0,0","0,0","0,0","0,0","0,0","0,0","0,0","0,0","0,0",-,"15807,2"
480,Recife - PCD,set/2016,-,-,-,-,-,-,-,-,-,-,-,-,-,-,-,-,-,-,-,-,-,-,-,-,-,-,-,-,-,-,-,"1418,8"
265,Recife (Alto da Brasileira),out/2016,"0,0","0,0","0,0","0,0","0,0","0,0","0,0","0,0","0,0","0,0","0,0","0,0","0,8","0,0","1,4","0,0","0,0","0,0","0,0","0,0","1,5","0,0","0,0","0,0","7,5","0,0","0,0","0,0","0,0","0,0","0,0","13419,7"
196,Recife (Codecipe / Santo Amaro),out/2016,-,-,-,-,-,-,-,-,-,-,-,-,-,-,-,-,-,-,-,-,-,-,-,-,-,-,-,-,-,-,-,"5055,8"
344,Recife (Lamepe/Itep),out/2016,-,-,-,-,-,-,-,-,-,-,-,-,-,-,-,-,-,-,-,-,-,-,-,-,-,-,-,-,-,-,-,"1611,6"
378,Recife (Santo Amaro),out/2016,-,-,-,-,-,-,-,-,-,-,-,-,-,-,-,-,-,-,-,-,-,-,-,-,-,-,-,-,-,-,-,"1998,8"
30,Recife (Várzea),out/2016,"0,0","0,0","0,2","0,2","0,0","0,0","0,0","0,0","0,0","0,0","0,0","3,2","3,2","0,2","2,8","0,0","0,0","0,0","0,9","0,0","0,0","0,0","0,8","0,0","0,0","0,0","0,8","0,0","0,0","1,0","0,4","15807,2"
480,Recife - PCD,out/2016,-,-,-,-,-,-,-,-,-,-,-,-,-,-,-,-,-,-,-,-,-,-,-,-,-,-,-,-,-,-,-,"1418,8"
265,Recife (Alto da Brasileira),nov/2016,"0,0","0,0","0,0","0,0","0,0","0,0","0,0","4,9","0,0","0,0","0,0","0,0","0,0","0,0","2,1","0,0","0,0","0,0","0,0","0,0","0,0","0,0","0,0","0,0","0,0","0,0","1,3","0,0","0,0","0,0",-,"13419,7"
196,Recife (Codecipe / Santo Amaro),nov/2016,-,-,-,-,-,-,-,-,-,-,-,-,-,-,-,-,-,-,-,-,-,-,-,-,-,-,-,-,-,-,-,"5055,8"
344,Recife (Lamepe/Itep),nov/2016,-,-,-,-,-,-,-,-,-,-,-,-,-,-,-,-,-,-,-,-,-,-,-,-,-,-,-,-,-,-,-,"1611,6"
378,Recife (Santo Amaro),nov/2016,-,-,-,-,-,-,-,-,-,-,-,-,-,-,-,-,-,-,-,-,-,-,-,-,-,-,-,-,-,-,-,"1998,8"
30,Recife (Várzea),nov/2016,"0,0","1,0","1,3","0,0","0,0","3,0","0,0","0,0","0,0","0,5","0,8","0,0","0,0","0,0","5,8","0,0","0,0","1,6","0,0","0,0","0,0","0,0","0,0","0,0","0,0","0,0","1,8","0,4","0,0","0,0",-,"15807,2"
480,Recife - PCD,nov/2016,-,-,-,-,-,-,-,-,-,-,-,-,-,-,-,-,-,-,-,-,-,-,-,-,-,-,-,-,-,-,-,"1418,8"
265,Recife (Alto da Brasileira),dez/2016,"0,0","0,0","0,0","0,0","0,0","0,8","0,0","0,0","0,0","0,0","0,0","0,0","0,0","0,0","0,0","3,5","0,0","2,4","1,5","0,8","0,0","4,1","0,0","8,9","0,0","0,7","0,0","0,4","0,0","4,5","0,0","13419,7"
196,Recife (Codecipe / Santo Amaro),dez/2016,-,-,-,-,-,-,-,-,-,-,-,-,-,-,-,-,-,-,-,-,-,-,-,-,-,-,-,-,-,-,-,"5055,8"
344,Recife (Lamepe/Itep),dez/2016,-,-,-,-,-,-,-,-,-,-,-,-,-,-,-,-,-,-,-,-,-,-,-,-,-,-,-,-,-,-,-,"1611,6"
378,Recife (Santo Amaro),dez/2016,-,-,-,-,-,-,-,-,-,-,-,-,-,-,-,-,-,-,-,-,-,-,-,-,-,-,-,-,-,-,-,"1998,8"
30,Recife (Várzea),dez/2016,"0,0","0,0","0,0","0,0","0,0","0,0","0,0","0,0","0,0","0,0","0,0","0,0","0,0","0,0","2,0","7,8","2,0","17,6","0,4","0,0","9,2","0,6","1,6","14,4","0,0","0,0","0,0","1,8","5,2","5,2","0,0","15807,2"
480,Recife - PCD,dez/2016,-,-,-,-,-,-,-,-,-,-,-,-,-,-,-,-,-,-,-,-,-,-,-,-,-,-,-,-,-,-,-,"1418,8"
265,Recife (Alto da Brasileira),jan/2017,"0,6","0,0","0,0","0,0","0,7","0,0","0,6","0,0","5,5","0,0","0,0","0,0","0,0","0,0","3,4","0,0","0,0","0,0","0,0","0,0","0,0","0,0","0,0","0,0","0,0","2,1","0,0","0,0","0,0","0,0","0,0","13419,7"
196,Recife (Codecipe / Santo Amaro),jan/2017,-,-,-,-,-,-,-,-,-,-,-,-,-,-,-,-,-,-,-,-,-,-,-,-,-,-,-,-,-,-,-,"5055,8"
344,Recife (Lamepe/Itep),jan/2017,-,-,-,-,-,-,-,-,-,-,-,-,-,-,-,-,-,-,-,-,-,-,-,-,-,-,-,-,-,-,-,"1611,6"
378,Recife (Santo Amaro),jan/2017,-,-,-,-,-,-,-,-,-,-,-,-,-,-,-,-,-,-,-,-,-,-,-,-,-,-,-,-,-,-,-,"1998,8"
30,Recife (Várzea),jan/2017,"0,8","0,0","0,0","0,0","0,2","0,0","3,8","0,2","2,5","2,0","0,0","1,7","0,0","1,0","2,6","0,0","0,0","0,0","0,0","1,0","0,0","0,6","1,2","0,0","0,0","0,0","8,0","0,0","0,0","1,5","1,6","15807,2"
480,Recife - PCD,jan/2017,-,-,-,-,-,-,-,-,-,-,-,-,-,-,-,-,-,-,-,-,-,-,-,-,-,-,-,-,-,-,-,"1418,8"
265,Recife (Alto da Brasileira),fev/2017,"0,5","0,0","0,0","0,0","0,0","0,0","0,0","0,0","0,0","0,0","0,0","0,8","0,0","0,6","0,0","0,0","0,0","8,7","0,0","13,5","0,0","0,9","0,0","0,0","0,0","0,0","0,0","0,0",-,-,-,"13419,7"
196,Recife (Codecipe / Santo Amaro),fev/2017,-,-,-,-,-,-,-,-,-,-,-,-,-,-,-,-,-,-,-,-,-,-,-,-,-,-,-,-,-,-,-,"5055,8"
344,Recife (Lamepe/Itep),fev/2017,-,-,-,-,-,-,-,-,-,-,-,-,-,-,-,-,-,-,-,-,-,-,-,-,-,-,-,-,-,-,-,"1611,6"
378,Recife (Santo Amaro),fev/2017,-,-,-,-,-,-,-,-,-,-,-,-,-,-,-,-,-,-,-,-,-,-,-,-,-,-,-,-,-,-,-,"1998,8"
30,Recife (Várzea),fev/2017,"0,2","0,4","0,0","0,0","0,0","0,0","0,0","0,0","0,0","0,0","1,4","0,2","0,0","0,0","0,2","0,0","0,0","5,2","0,6","0,6","4,6","3,6","0,6","2,3","0,0","1,0","0,0","0,0",-,-,-,"15807,2"
480,Recife - PCD,fev/2017,-,-,-,-,-,-,-,-,-,-,-,-,-,-,-,-,-,-,-,-,-,-,-,-,-,-,-,-,-,-,-,"1418,8"
265,Recife (Alto da Brasileira),mar/2017,"0,0","3,5","0,0","3,8","42,3","4,3","0,0","0,0","0,0","3,2","0,0","6,7","8,9","23,5","0,0","0,6","0,0","0,0","0,0","0,0","0,0","0,7","1,5","0,5","0,0","1,7","0,0","0,0","0,0","3,4","16,7","13419,7"
196,Recife (Codecipe / Santo Amaro),mar/2017,-,-,-,-,-,-,-,-,-,-,-,-,-,-,-,-,-,-,-,-,-,-,-,-,-,-,-,-,-,-,-,"5055,8"
344,Recife (Lamepe/Itep),mar/2017,-,-,-,-,-,-,-,-,-,-,-,-,-,-,-,-,-,-,-,-,-,-,-,-,-,-,-,-,-,-,-,"1611,6"
378,Recife (Santo Amaro),mar/2017,-,-,-,-,-,-,-,-,-,-,-,-,-,-,-,-,-,-,-,-,-,-,-,-,-,-,-,-,-,-,-,"1998,8"
30,Recife (Várzea),mar/2017,"12,4","11,0","0,0","37,6","12,4","1,4","0,0","1,0","8,2","7,6","1,2","26,6","6,6","0,6","0,0","0,0","0,8","0,0","4,0","0,0","0,0","0,0","0,4","2,2","0,0","0,0","0,0","0,0","0,0","0,6","4,6","15807,2"
480,Recife - PCD,mar/2017,-,-,-,-,-,-,-,-,-,-,-,-,-,-,-,-,-,-,-,-,-,-,-,-,-,-,-,-,-,-,-,"1418,8"
265,Recife (Alto da Brasileira),abr/2017,"0,0","0,0","23,2","0,0","2,5","0,0","3,9","0,0","2,4","3,2","11,4","0,0","55,6","21,3","6,7","0,0","50,4","0,0","1,9","0,0","0,0","0,0","9,1","0,0","8,7","0,0","0,0","1,2","0,9","19,6",-,"13419,7"
196,Recife (Codecipe / Santo Amaro),abr/2017,"0,0","0,0","0,0","0,0","19,0","0,0","0,0","0,0","0,0","22,0","23,3","37,3",-,"12,0","4,3","0,0","45,0","0,0","0,2","1,7","0,0","0,0","16,0","0,0","0,0","0,0","0,0","0,0","0,9","35,0",-,"5055,8"
344,Recife (Lamepe/Itep),abr/2017,-,-,-,-,-,-,-,-,-,-,-,-,-,-,-,-,-,-,-,-,-,-,-,-,-,-,-,-,-,-,-,"1611,6"
378,Recife (Santo Amaro),abr/2017,-,-,-,-,-,-,-,-,-,-,-,-,-,-,-,-,-,-,-,-,-,-,-,-,-,-,-,-,-,-,-,"1998,8"
30,Recife (Várzea),abr/2017,"0,0","24,1","39,2","0,4","5,0","6,9","11,2","0,0","0,2","4,8","5,2","11,4","61,6","11,4","12,2","0,0","41,4","0,0","1,2","0,0","0,0","0,0","28,8","1,2","0,0","0,0","0,0","2,6","0,2","22,7",-,"15807,2"
480,Recife - PCD,abr/2017,-,-,-,-,-,-,-,-,-,-,-,-,-,-,-,-,-,-,-,-,-,-,-,-,-,-,-,-,-,-,-,"1418,8"
265,Recife (Alto da Brasileira),mai/2017,"6,1","0,0","33,4","1,8","0,0","1,5","25,9","0,0","24,8","0,0","0,7","0,0","0,0","0,0","0,0","0,0","0,0","0,0","4,3","12,1","5,5","6,5","0,0","2,6","20,5","0,0","0,0","23,5","70,5","0,0","12,7","13419,7"
196,Recife (Codecipe / Santo Amaro),mai/2017,-,"2,1","31,2","0,2","0,0","3,3","22,4","5,4","60,9","2,1","0,1","5,0","0,0","0,0","0,0","0,0","0,0","0,0","5,0","5,2","5,0","7,0","0,0","16,4","32,9","7,0",-,-,-,"1,0","70,0","5055,8"
344,Recife (Lamepe/Itep),mai/2017,-,-,-,-,-,-,-,-,-,-,-,-,-,-,-,-,-,-,-,-,-,-,-,-,-,-,-,-,-,-,-,"1611,6"
378,Recife (Santo Amaro),mai/2017,-,-,-,-,-,-,-,-,-,-,-,-,-,-,-,-,-,-,-,-,-,-,-,-,-,-,-,-,-,-,-,"1998,8"
30,Recife (Várzea),mai/2017,"4,4","0,6","60,0","1,4","0,2","8,4","19,7","8,1","17,1","5,8","2,0","0,0","0,0","0,0","0,0","0,0","0,0","0,0","0,6","16,0","5,4","15,6","0,0","4,6","29,1","1,0","0,0","49,6","72,9","2,2","73,0","15807,2"
480,Recife - PCD,mai/2017,-,-,-,-,-,-,-,-,-,-,-,-,-,-,-,-,-,-,-,-,-,-,-,-,-,-,-,-,-,-,-,"1418,8"
265,Recife (Alto da Brasileira),jun/2017,"2,3","0,7","0,0","23,1","11,8","20,9","0,0","4,2","9,2","9,7","6,1","0,0","6,9","6,8","6,3","36,2","0,0","8,7","19,7","7,4","3,4","3,5","2,9","35,5","2,9","5,1","0,0","20,3","40,3","45,7",-,"13419,7"
196,Recife (Codecipe / Santo Amaro),jun/2017,"22,6","4,2","1,2","7,3","12,0","28,0","0,0","4,2","11,0","23,8","21,6","0,0","6,8","7,0","9,2","46,0","2,6","12,0","6,0","2,4","2,2",-,"4,4","41,0","12,0","2,0","0,0","25,0","78,5","103,0",-,"5055,8"
344,Recife (Lamepe/Itep),jun/2017,-,-,-,-,-,-,-,-,-,-,-,-,-,-,-,-,-,-,-,-,-,-,-,-,-,-,-,-,-,-,-,"1611,6"
378,Recife (Santo Amaro),jun/2017,-,-,-,-,-,-,-,-,-,-,-,-,-,-,-,-,-,-,-,-,-,-,-,-,-,-,-,-,-,-,-,"1998,8"
30,Recife (Várzea),jun/2017,"33,9","7,0","2,6","8,3","3,6","49,4","1,0","6,7","6,3","28,4","6,1","1,7","19,2","7,7","15,4","47,3","0,6","11,0","10,2","3,5","14,4","5,4","5,6","48,2","31,6","6,6","3,0","21,2","40,4","40,7",-,"15807,2"
480,Recife - PCD,jun/2017,-,-,-,-,-,-,-,-,-,-,-,-,-,-,-,-,-,-,-,-,-,-,-,-,-,-,-,-,-,-,-,"1418,8"
265,Recife (Alto da Brasileira),jul/2017,"19,8","2,9","9,7","11,8","12,5","25,9","1,5","18,5","5,1","8,7","0,0","8,9","0,0","8,8","0,0","0,8","0,0","7,9","1,6","9,8","83,1","28,4","22,4","3,8","2,6","0,9","7,3","25,2","26,3","0,9","2,3","13419,7"
196,Recife (Codecipe / Santo Amaro),jul/2017,"19,0","4,8","15,0","5,9","8,0","8,6","10,0","7,0","6,0","20,4","0,0","6,2","0,0","15,4","1,6","0,0","4,6","1,0","6,2","69,0","30,2","68,0","6,0","2,0","5,4","0,2","12,0","8,5","69,0","1,4","2,2","5055,8"
344,Recife (Lamepe/Itep),jul/2017,-,-,-,-,-,-,-,-,-,-,-,-,-,-,-,-,-,-,-,-,-,-,-,-,-,-,-,-,-,-,-,"1611,6"
378,Recife (Santo Amaro),jul/2017,-,-,-,-,-,-,-,-,-,-,-,-,-,-,-,-,-,-,-,-,-,-,-,-,-,-,-,-,-,-,-,"1998,8"
30,Recife (Várzea),jul/2017,"23,3","14,3","7,0","10,3","19,0","29,4","11,8","14,2","14,2","20,7","0,8","3,4","0,2","5,8","3,4","2,0","7,5","1,8","1,0","26,3","81,6","42,1","10,7","8,5","16,8","2,3","11,2","64,9","17,8","10,1","3,8","15807,2"
480,Recife - PCD,jul/2017,-,-,-,-,-,-,-,-,-,-,-,-,-,-,-,-,-,-,-,-,-,-,-,-,-,-,-,-,-,-,-,"1418,8"
265,Recife (Alto da Brasileira),ago/2017,"13,8","0,0","1,7","0,0","0,0","0,0","1,2","0,0","0,6","0,0","0,7","0,0","0,0","5,5","0,0","0,0","0,0","14,2","8,7","0,0","3,8","1,3","11,8","1,3","0,0","8,2","18,6","5,6","1,1","2,1","0,0","13419,7"
196,Recife (Codecipe / Santo Amaro),ago/2017,"16,8","5,6","3,1","0,0","0,0","0,0","0,0","3,0","0,0","0,0","0,0","0,0","1,0","5,0","0,0","0,0","0,6","26,1","16,6","0,0","0,0","8,0","15,0","0,0","2,2","15,0",-,"32,0","0,2","0,5","0,0","5055,8"
344,Recife (Lamepe/Itep),ago/2017,-,-,-,-,-,-,-,-,-,-,-,-,-,-,-,-,-,-,-,-,-,-,-,-,-,-,-,-,-,-,-,"1611,6"
378,Recife (Santo Amaro),ago/2017,-,-,-,-,-,-,-,-,-,-,-,-,-,-,-,-,-,-,-,-,-,-,-,-,-,-,-,-,-,-,-,"1998,8"
30,Recife (Várzea),ago/2017,"7,8","15,3","7,2","0,0","0,0","0,0","5,6","0,4","1,4","0,0","0,0","0,0","1,4","2,3","0,0","0,0","0,0","9,8","21,7","1,8","0,0","3,0","8,8","1,2","0,2","11,2","10,0","0,0","0,0","0,0","0,0","15807,2"
480,Recife - PCD,ago/2017,-,-,-,-,-,-,-,-,-,-,-,-,-,-,-,-,-,-,-,-,-,-,-,-,-,-,-,-,-,-,-,"1418,8"
265,Recife (Alto da Brasileira),set/2017,"0,0","0,0","2,8","1,0","0,0","3,2","0,0","8,7","0,0","5,3","0,0","7,7","1,6","3,4","4,3","2,4","6,9","2,7","0,0","2,1","1,1","0,0","5,3","0,0","0,0","2,9","0,0","1,9","0,0","0,0",-,"13419,7"
196,Recife (Codecipe / Santo Amaro),set/2017,"0,0","0,0","7,2","0,8","0,0","1,7","0,6","11,2","1,5","1,0","0,0","6,0","1,4","4,1","2,0","0,0","3,4","0,2","0,8",-,"0,0","0,0","2,0","0,8","10,0","1,1","2,5","0,0","0,0","0,0",-,"5055,8"
344,Recife (Lamepe/Itep),set/2017,-,-,-,-,-,-,-,-,-,-,-,-,-,-,-,-,-,-,-,-,-,-,-,-,-,-,-,-,-,-,-,"1611,6"
378,Recife (Santo Amaro),set/2017,-,-,-,-,-,-,-,-,-,-,-,-,-,-,-,-,-,-,-,-,-,-,-,-,-,-,-,-,-,-,-,"1998,8"
30,Recife (Várzea),set/2017,"0,0","0,4","7,0","2,0","0,0","3,2","1,4","5,6","5,8","3,1","0,6","6,0","7,0","2,7","2,0","5,8","3,6","4,6","1,2","10,3","3,4","0,0","0,0","1,8","0,4","1,0","0,7","1,8","2,4","0,0",-,"15807,2"
480,Recife - PCD,set/2017,-,-,-,-,-,-,-,-,-,-,-,-,-,-,-,-,-,-,-,-,-,-,-,-,-,-,-,-,-,-,-,"1418,8"
265,Recife (Alto da Brasileira),out/2017,"0,0","0,0","0,0","0,0","1,6","3,2","0,0","0,0","6,7","0,0","2,4","0,0","0,0","0,0","0,0","0,0","0,0","1,9","0,0","3,2","0,0","8,4","0,0","13,2","0,0","3,8","0,0","0,0","0,0","0,0","9,9","13419,7"
196,Recife (Codecipe / Santo Amaro),out/2017,"0,0","0,0","0,0","0,0","0,0","0,0","0,0","0,0","0,0","1,0","1,2","0,2","0,0","0,0","0,0","0,0","0,0","0,2","0,0","0,0","5,1","0,0","1,0","8,6","1,0","0,0","0,0","0,0","0,0","0,0","0,0","5055,8"
344,Recife (Lamepe/Itep),out/2017,-,-,-,-,-,-,-,-,-,-,-,-,-,-,-,-,-,-,-,-,-,-,-,-,-,-,-,-,-,-,-,"1611,6"
378,Recife (Santo Amaro),out/2017,-,-,-,-,-,-,-,-,-,-,-,-,-,-,-,-,-,-,-,-,-,-,-,-,-,-,-,-,-,-,-,"1998,8"
30,Recife (Várzea),out/2017,"0,2","0,0","0,0","0,6","5,0","1,6","0,6","1,6","8,0","1,2","1,6","0,6","0,0","0,2","0,0","0,0","7,0","3,2","1,4","8,0","2,0","1,6","2,3","9,0","1,0","2,7","0,6","0,0","0,0","0,0","0,0","15807,2"
480,Recife - PCD,out/2017,-,-,-,-,-,-,-,-,-,-,-,-,-,-,-,-,-,-,-,-,-,-,-,-,-,-,-,-,-,-,-,"1418,8"
265,Recife (Alto da Brasileira),nov/2017,"0,0","0,0","0,0","0,0","0,0","0,0","0,0","0,0","0,0","0,0","5,7","0,4","0,0","0,0","0,0","0,0","2,1","1,6","0,4","0,0","0,0","0,0","0,0","0,0","0,0","0,0","0,0","0,0","0,0","0,0",-,"13419,7"
196,Recife (Codecipe / Santo Amaro),nov/2017,"0,0","0,0","0,0","0,0","0,0","0,0","0,0","0,0","0,0","5,0","0,0","0,0","0,0","0,0","0,0","0,0","0,2","0,6","0,0","0,0","0,0","0,0","0,0","0,0","0,0","0,0","0,0","0,0","0,0","0,0",-,"5055,8"
344,Recife (Lamepe/Itep),nov/2017,-,-,-,-,-,-,-,-,-,-,-,-,-,-,-,-,-,-,-,-,-,-,-,-,-,-,-,-,-,-,-,"1611,6"
378,Recife (Santo Amaro),nov/2017,-,-,-,-,-,-,-,-,-,-,-,-,-,-,-,-,-,-,-,-,-,-,-,-,-,-,-,-,-,-,-,"1998,8"
30,Recife (Várzea),nov/2017,"0,0","0,0","0,0","0,0","0,0","0,0","0,0","1,0","0,2","0,0","1,2","0,0","0,0","0,0","2,4","1,6","3,4","0,8","0,0","0,0","0,0","0,0","0,0","0,0","4,0","0,0","0,0","0,0","0,0","0,2",-,"15807,2"
480,Recife - PCD,nov/2017,-,-,-,-,-,-,-,-,-,-,-,-,-,-,-,-,-,-,-,-,-,-,-,-,-,-,-,-,-,-,-,"1418,8"
265,Recife (Alto da Brasileira),dez/2017,"0,0","0,0","0,0","1,2","0,0","0,0","0,0","0,0","0,0","0,0","0,0","0,0","0,0","0,0","0,0","0,0","7,1","0,0","0,5","4,3","2,1","0,0","7,9","7,5","0,3","0,9","0,0","0,0","0,0","0,0","0,0","13419,7"
196,Recife (Codecipe / Santo Amaro),dez/2017,"0,0","0,0","0,0","0,0","0,0","0,0","0,0","0,0","0,0","0,0","0,0","0,0","0,0","0,0","0,0","0,0","0,0","0,0","0,3","14,2","0,2","0,0","1,7","3,2","0,0","0,0","0,0","0,0","0,0","0,0","0,0","5055,8"
344,Recife (Lamepe/Itep),dez/2017,-,-,-,-,-,-,-,-,-,-,-,-,-,-,-,-,-,-,-,-,-,-,-,-,-,-,-,-,-,-,-,"1611,6"
378,Recife (Santo Amaro),dez/2017,-,-,-,-,-,-,-,-,-,-,-,-,-,-,-,-,-,-,-,-,-,-,-,-,-,-,-,-,-,-,-,"1998,8"
30,Recife (Várzea),dez/2017,"1,1","0,8","0,0","0,0","0,0","0,0","0,0","0,0","0,0","0,0","0,0","0,0","0,0","0,0","0,0","0,0","0,0","0,6","0,0","10,8","0,6","0,3","3,4","8,2","0,0","4,0","0,3","0,0","0,0","0,0","0,0","15807,2"
480,Recife - PCD,dez/2017,-,-,-,-,-,-,-,-,-,-,-,-,-,-,-,-,-,-,-,-,-,-,-,-,-,-,-,-,-,-,-,"1418,8"
265,Recife (Alto da Brasileira),jan/2018,"0,0","0,0","0,0","0,0","0,0","0,0","0,0","0,0","0,0","7,9","5,3","0,0","0,0","7,1","0,0","0,7","0,0","5,4","4,5","56,2","3,3","0,7","1,2","12,6","0,0","0,5","4,5","0,0","3,0","0,0","0,0","13419,7"
196,Recife (Codecipe / Santo Amaro),jan/2018,"0,0","0,0","0,0","0,0","0,0","0,0","0,0","0,0","0,0","7,0","7,6","0,0","0,0","0,0","0,0","0,0","1,0","0,6","10,3","37,0","0,2","0,2","4,0","1,0","0,0","9,1","0,0","0,0","0,0","0,0","0,0","5055,8"
344,Recife (Lamepe/Itep),jan/2018,-,-,-,-,-,-,-,-,-,-,-,-,-,-,-,-,-,-,-,-,-,-,-,-,-,-,-,-,-,-,-,"1611,6"
378,Recife (Santo Amaro),jan/2018,-,-,-,-,-,-,-,-,-,-,-,-,-,-,-,-,-,-,-,-,-,-,-,-,-,-,-,-,-,-,-,"1998,8"
30,Recife (Várzea),jan/2018,"0,0","0,0","0,0","0,0","0,0","1,0","0,0","9,6","0,0","23,4","3,6","0,2","0,2","3,2","2,6","1,2","0,0","13,4","30,4","46,6","3,0","0,8","3,8","6,2","2,4","0,0","0,6","0,0","1,2","0,2","0,0","15807,2"
480,Recife - PCD,jan/2018,-,-,-,-,-,-,-,-,-,-,-,-,-,-,-,-,-,-,-,-,-,-,-,-,-,-,-,-,-,-,-,"1418,8"
265,Recife (Alto da Brasileira),fev/2018,"0,0","0,0","0,0","0,0","0,0","0,0","0,0","0,0","9,9","0,0","0,0","0,0","0,0","10,0","17,1","3,3","0,7","11,5","39,7","0,0","33,9","0,0","0,0","0,0","0,0","0,0","0,0","0,0",-,-,-,"13419,7"
196,Recife (Codecipe / Santo Amaro),fev/2018,"0,0","0,0","0,0","0,0","0,0","0,0","0,0","0,0","27,8","0,0","20,4","0,0","6,2","12,2","0,0","0,0","1,3","20,7","11,0","18,6","10,6","0,0","0,0","0,0","0,0","3,8","3,8","0,0",-,-,-,"5055,8"
344,Recife (Lamepe/Itep),fev/2018,-,-,-,-,-,-,-,-,-,-,-,-,-,-,-,-,-,-,-,-,-,-,-,-,-,-,-,-,-,-,-,"1611,6"
378,Recife (Santo Amaro),fev/2018,-,-,-,-,-,-,-,-,-,-,-,-,-,-,-,-,-,-,-,-,-,-,-,-,-,-,-,-,-,-,-,"1998,8"
30,Recife (Várzea),fev/2018,"0,0","0,0","0,0","0,0","0,0","0,0","0,0","0,0","20,6","5,4","0,4","0,6","2,1","13,0","13,4","1,2","4,0","8,6","11,6","6,8","29,2","0,0","1,0","0,3","1,4","0,0","0,0","0,2",-,-,-,"15807,2"
480,Recife - PCD,fev/2018,-,-,-,-,-,-,-,-,-,-,-,-,-,-,-,-,-,-,-,-,-,-,-,-,-,-,-,-,-,-,-,"1418,8"
265,Recife (Alto da Brasileira),mar/2018,"0,7","0,0","0,0","0,0","1,9","29,3","3,7","0,0","0,0","0,0","0,0","0,0","0,0","0,0","3,8","0,5","0,0","0,0","0,0","0,0","0,0","0,0","1,4","0,0","8,5","0,8","3,4","8,3","41,0","41,8","9,6","13419,7"
196,Recife (Codecipe / Santo Amaro),mar/2018,"8,4","1,6","0,0","0,6","1,0","54,0","11,0","0,0","0,0","0,0","0,0","0,0","0,0","0,0","0,0","0,0","0,0","0,0","0,0","0,0","0,0","0,0","0,0","1,0","16,4","4,6","1,4","1,8","19,6","37,0","13,5","5055,8"
344,Recife (Lamepe/Itep),mar/2018,-,-,-,-,-,-,-,-,-,-,-,-,-,-,-,-,-,-,-,-,-,-,-,-,-,-,-,-,-,-,-,"1611,6"
378,Recife (Santo Amaro),mar/2018,-,-,-,-,-,-,-,-,-,-,-,-,-,-,-,-,-,-,-,-,-,-,-,-,-,-,-,-,-,-,-,"1998,8"
30,Recife (Várzea),mar/2018,"1,0","0,0","0,6","0,0","2,0","13,8","0,2","0,0","0,0","0,0","0,0","0,0","0,0","0,0","8,2","7,3","0,0","0,0","0,0","1,4","0,0","0,0","2,6","2,0","23,2","8,3","0,0","7,8","14,2","24,0","4,0","15807,2"
480,Recife - PCD,mar/2018,-,-,-,-,-,-,-,-,-,-,-,-,-,-,-,-,-,-,-,-,-,-,-,-,-,-,-,-,-,-,-,"1418,8"
265,Recife (Alto da Brasileira),abr/2018,"6,7","41,9","0,0","0,0","0,8","4,6","31,5","82,9","0,0","0,7","27,8","22,3","23,5","5,0","3,6","11,1","3,7","3,2","3,8","17,9","7,5","38,1","59,0","10,1","29,1","3,2","0,0","0,5","1,3","43,9",-,"13419,7"
196,Recife (Codecipe / Santo Amaro),abr/2018,"6,8","13,7","0,0","0,0","9,8","0,0","82,2","13,9","9,8","0,0","55,0","38,0","24,0","0,6","28,0","15,0","3,8","0,6","8,2","28,0","21,0","30,4","57,4","36,0","18,5","0,0","0,6","12,0","1,1","34,0",-,"5055,8"
344,Recife (Lamepe/Itep),abr/2018,-,-,-,-,-,-,-,-,-,-,-,-,-,-,-,-,-,-,-,-,-,-,-,-,-,-,-,-,-,-,-,"1611,6"
378,Recife (Santo Amaro),abr/2018,-,-,-,-,-,-,-,-,-,-,-,-,-,-,-,-,-,-,-,-,-,-,-,-,-,-,-,-,-,-,-,"1998,8"
30,Recife (Várzea),abr/2018,"3,2","24,0","3,6","0,0","1,0","5,6","71,3","18,0","0,0","1,0","41,0","1,2","26,9","11,4","12,4","14,4","4,2","7,4","7,6","21,3","8,6","48,6","60,1","11,0","24,8","2,0","0,0","1,0","1,0","33,8",-,"15807,2"
480,Recife - PCD,abr/2018,-,-,-,-,-,-,-,-,-,-,-,-,-,-,-,-,-,-,-,-,-,-,-,-,-,-,-,-,-,-,-,"1418,8"
265,Recife (Alto da Brasileira),mai/2018,"7,4","3,3","7,4","9,5","3,7","25,5","0,0","0,0","1,3","0,7","0,0","9,8","1,3","1,1","12,1","2,5","14,5","2,8","1,7","0,0","0,0","0,0","0,0","4,1","1,3","9,1","1,5","0,0","0,8","1,2","9,8","13419,7"
196,Recife (Codecipe / Santo Amaro),mai/2018,"0,0","0,0","0,0","15,6","9,2","15,0","1,0","0,0","1,6","1,2","2,0","0,5","0,0","0,0","11,0","0,8","21,2","0,0","6,0","0,0","0,0","0,1","0,0","8,5","1,8","0,0","0,0","0,4","0,4","0,0","10,0","5055,8"
344,Recife (Lamepe/Itep),mai/2018,-,-,-,-,-,-,-,-,-,-,-,-,-,-,-,-,-,-,-,-,-,-,-,-,-,-,-,-,-,-,-,"1611,6"
378,Recife (Santo Amaro),mai/2018,-,-,-,-,-,-,-,-,-,-,-,-,-,-,-,-,-,-,-,-,-,-,-,-,-,-,-,-,-,-,-,"1998,8"
30,Recife (Várzea),mai/2018,"0,6","1,0","12,2","7,4","15,8","38,0","0,2","0,0","0,0","1,2","11,6","24,8","1,6","0,4","10,6","5,6","21,4","2,9","0,5","0,0","0,2","0,2","2,0",-,"15,1","0,0","1,0","3,2","1,6","0,3","3,7","15807,2"
480,Recife - PCD,mai/2018,-,-,-,-,-,-,-,-,-,-,-,-,-,-,-,-,-,-,-,-,-,-,-,-,-,-,-,-,-,-,-,"1418,8"
265,Recife (Alto da Brasileira),jun/2018,"0,0","0,0","0,0","0,5","0,5","0,0","11,7","9,1","1,4","0,0","1,4","0,0","0,0","3,1","3,7","3,2","0,5","14,8","1,4","24,9","0,0","0,0","0,0","1,2","12,2","0,3","11,3","10,3","3,0","0,2",-,"13419,7"
196,Recife (Codecipe / Santo Amaro),jun/2018,"0,0","1,0","3,9","0,0","2,1","1,2","13,4","4,9","0,0","0,0","0,0","0,0","0,0","1,4","5,9","0,0","1,8","19,8","5,9","25,0","0,0","1,6","0,0","0,0","7,8","2,8","5,2","4,0","2,5","2,0",-,"5055,8"
344,Recife (Lamepe/Itep),jun/2018,-,-,-,-,-,-,-,-,-,-,-,-,-,-,-,-,-,-,-,-,-,-,-,-,-,-,-,-,-,-,-,"1611,6"
378,Recife (Santo Amaro),jun/2018,-,-,-,-,-,-,-,-,-,-,-,-,-,-,-,-,-,-,-,-,-,-,-,-,-,-,-,-,-,-,-,"1998,8"
30,Recife (Várzea),jun/2018,"0,2","0,4","9,5","2,6","1,8","0,4","22,2","4,0","0,0","0,0","1,2","0,0","0,0","4,0","1,9","4,4","0,0","23,8","0,6","18,6","0,4","0,6","0,0",-,"2,6","0,8","11,8","8,4","13,2","0,2",-,"15807,2"
480,Recife - PCD,jun/2018,-,-,-,-,-,-,-,-,-,-,-,-,-,-,-,-,-,-,-,-,-,-,-,-,-,-,-,-,-,-,-,"1418,8"
265,Recife (Alto da Brasileira),jul/2018,"0,0","7,4","6,9","0,0","0,0","1,6","6,1","0,0","0,6","0,0","2,8","9,2","2,4","0,0","0,0","0,0","0,0","9,0","9,3","7,9","8,0","0,0","0,4","1,0","0,0","1,1","2,7","13,5","3,2","0,0","4,2","13419,7"
196,Recife (Codecipe / Santo Amaro),jul/2018,"0,0","0,0","5,4","0,6","0,6","0,0","12,0","0,0","0,0","0,0","0,0","2,8","2,8","0,0","0,0","0,0","0,0","10,0","0,0","12,2","1,0","0,0","0,0","0,0","3,2","0,0","6,8","3,4","0,0","0,0","10,8","5055,8"
344,Recife (Lamepe/Itep),jul/2018,-,-,-,-,-,-,-,-,-,-,-,-,-,-,-,-,-,-,-,-,-,-,-,-,-,-,-,-,-,-,-,"1611,6"
378,Recife (Santo Amaro),jul/2018,-,-,-,-,-,-,-,-,-,-,-,-,-,-,-,-,-,-,-,-,-,-,-,-,-,-,-,-,-,-,-,"1998,8"
30,Recife (Várzea),jul/2018,"0,0","8,9","5,8","0,4","0,0","11,2","4,3","0,0","0,6","0,0","1,8","2,6","0,0","0,6","0,0","0,0","3,2","15,0","0,0","8,0","0,2","0,0","0,4","2,6","1,8","3,6","4,0","11,9","0,0","0,3","7,0","15807,2"
480,Recife - PCD,jul/2018,-,-,-,-,-,-,-,-,-,-,-,-,-,-,-,-,-,-,-,-,-,-,-,-,-,-,-,-,-,-,-,"1418,8"
265,Recife (Alto da Brasileira),ago/2018,"11,9","2,3","0,7","0,0","0,0","0,0","2,6","0,6","0,9","5,3","0,0","0,0","0,0","0,3","0,0","0,0","0,0","0,0","0,0","0,0","2,6","4,6","0,0","0,0","7,5","3,0","0,0","8,9","5,1","3,7","2,0","13419,7"
196,Recife (Codecipe / Santo Amaro),ago/2018,"0,0","0,0","0,0","0,0","0,0","0,0","4,0","0,0","1,8","2,1","0,0","1,6","4,0","0,0","0,0","0,0","0,0","0,0","0,0","0,0","2,2","0,3","0,0","2,2","10,8","0,0","0,0","18,4","2,4","10,0","9,6","5055,8"
344,Recife (Lamepe/Itep),ago/2018,-,-,-,-,-,-,-,-,-,-,-,-,-,-,-,-,-,-,-,-,-,-,-,-,-,-,-,-,-,-,-,"1611,6"
378,Recife (Santo Amaro),ago/2018,-,-,-,-,-,-,-,-,-,-,-,-,-,-,-,-,-,-,-,-,-,-,-,-,-,-,-,-,-,-,-,"1998,8"
30,Recife (Várzea),ago/2018,"7,0","2,4","0,0","0,0","0,0","0,0","10,6","1,8","3,2","4,6","0,0","0,8","0,6","0,2","0,0","5,2","0,0","0,0","0,0","0,8","6,8","0,8","0,8","0,0","15,0","5,0","0,6","9,4","19,4","5,8","4,7","15807,2"
480,Recife - PCD,ago/2018,-,-,-,-,-,-,-,-,-,-,-,-,-,-,-,-,-,-,-,-,-,-,-,-,-,-,-,-,-,-,-,"1418,8"
265,Recife (Alto da Brasileira),set/2018,"0,0","9,9","2,2","0,0","0,0","0,0","0,6","0,0","0,6","0,0","4,1","0,0","0,0","0,0","0,0","1,3","0,0","0,0","2,1","0,3","9,0","0,0","0,0","3,1","0,0","0,0","0,0","0,9","4,0","0,0",-,"13419,7"
196,Recife (Codecipe / Santo Amaro),set/2018,"0,6","19,8","0,1","0,0","0,0","0,0","0,0","0,0","0,0","0,0","0,0","0,0","0,0","0,0","0,0","0,0","0,0","0,0","0,0","0,0","8,2","0,0","0,0","0,0","0,0","0,0","0,0","0,0","0,0","7,3",-,"5055,8"
344,Recife (Lamepe/Itep),set/2018,-,-,-,-,-,-,-,-,-,-,-,-,-,-,-,-,-,-,-,-,-,-,-,-,-,-,-,-,-,-,-,"1611,6"
378,Recife (Santo Amaro),set/2018,-,-,-,-,-,-,-,-,-,-,-,-,-,-,-,-,-,-,-,-,-,-,-,-,-,-,-,-,-,-,-,"1998,8"
30,Recife (Várzea),set/2018,"0,0","18,9","0,0","0,0","0,0","0,0","0,0","0,0","4,2","0,0","0,0","0,4","0,0","0,0","0,4","6,0","1,4","0,8","3,0","1,0","2,6","0,0","0,0","0,8","0,2","0,0","0,0","7,0","3,6","0,0",-,"15807,2"
480,Recife - PCD,set/2018,-,-,-,-,-,-,-,-,-,-,-,-,-,-,-,-,-,-,-,-,-,-,-,-,-,-,-,-,-,-,-,"1418,8"
265,Recife (Alto da Brasileira),out/2018,"0,0","0,0","0,0","0,0","0,0","0,8","0,0","0,0","0,0","0,0","0,0","0,0","0,0","0,0","0,0","2,2","0,0","0,0","0,0","0,0","0,0","0,0","0,0","0,0","0,0","0,0","0,0","0,0","0,0","0,0","2,1","13419,7"
196,Recife (Codecipe / Santo Amaro),out/2018,"0,0","0,0","0,0","1,8","0,0","0,0","0,0","2,2","0,0","0,0","0,0","0,0","0,0","0,0","0,0","0,4","1,0","0,0","0,0","0,0","0,0","0,0","0,0","0,0","0,0","0,0","0,0","0,0","0,0","0,0","5,2","5055,8"
344,Recife (Lamepe/Itep),out/2018,-,-,-,-,-,-,-,-,-,-,-,-,-,-,-,-,-,-,-,-,-,-,-,-,-,-,-,-,-,-,-,"1611,6"
378,Recife (Santo Amaro),out/2018,-,-,-,-,-,-,-,-,-,-,-,-,-,-,-,-,-,-,-,-,-,-,-,-,-,-,-,-,-,-,-,"1998,8"
30,Recife (Várzea),out/2018,"0,0","0,0","0,0","1,0","0,0","0,0","2,0","6,1","0,0","0,0","0,0","0,0","0,0","0,0","0,0","0,8","0,4","0,0","0,0","0,0","0,0","0,0","0,0","0,0","0,0","0,0","0,0","0,0","0,0","0,0","10,8","15807,2"
480,Recife - PCD,out/2018,-,-,-,-,-,-,-,-,-,-,-,-,-,-,-,-,-,-,-,-,-,-,-,-,-,-,-,-,-,-,-,"1418,8"
265,Recife (Alto da Brasileira),nov/2018,"0,0","0,0","0,0","0,0","0,0","0,0","0,0","13,1","2,7","0,0","0,0","0,0","0,0","0,0","0,0","0,0","0,0","0,0","1,3","0,0","7,5","0,2","0,0","9,1","0,0","1,2","5,8","5,6","0,0","0,0",-,"13419,7"
196,Recife (Codecipe / Santo Amaro),nov/2018,"0,4","0,0","0,0","0,0","0,0","0,0","0,0","17,4","1,6","0,0","0,0","0,0","0,0","0,0","0,0","0,0","0,0","0,0","0,0","0,0","4,0","0,0","0,0","8,3","8,4","8,3","0,0","10,2","0,0","0,0",-,"5055,8"
344,Recife (Lamepe/Itep),nov/2018,-,-,-,-,-,-,-,-,-,-,-,-,-,-,-,-,-,-,-,-,-,-,-,-,-,-,-,-,-,-,-,"1611,6"
378,Recife (Santo Amaro),nov/2018,-,-,-,-,-,-,-,-,-,-,-,-,-,-,-,-,-,-,-,-,-,-,-,-,-,-,-,-,-,-,-,"1998,8"
30,Recife (Várzea),nov/2018,"0,0","0,0","0,0","0,0","0,0","0,0","0,0","9,2","0,0","0,0","0,0","0,0","0,2","0,4","0,0","0,0","0,0","0,0","0,0","1,4","0,4","0,4","0,0","3,0","4,2","3,0","7,8","7,2","0,0","0,2",-,"15807,2"
480,Recife - PCD,nov/2018,-,-,-,-,-,-,-,-,-,-,-,-,-,-,-,-,-,-,-,-,-,-,-,-,-,-,-,-,-,-,-,"1418,8"
265,Recife (Alto da Brasileira),dez/2018,"0,0","0,0","0,3","0,0","0,0","0,0","0,0","0,0","0,0","10,0","0,0","1,9","0,3","3,1","0,0","0,0","12,4","0,0","0,0","0,0","0,0","0,0","5,6","0,0","0,0","0,0","0,0","0,0","0,0","0,0","0,0","13419,7"
196,Recife (Codecipe / Santo Amaro),dez/2018,"0,0","0,0","0,0","0,0","0,0","0,0","0,0","0,0","0,0","10,4","0,0","3,0","0,0","0,0","0,0","0,0","0,0","15,0","0,0","0,0","0,0","0,0","3,7","0,0","0,0","0,0","0,0","3,0","0,0","0,0","0,0","5055,8"
344,Recife (Lamepe/Itep),dez/2018,-,-,-,-,-,-,-,-,-,-,-,-,-,-,-,-,-,-,-,-,-,-,-,-,-,-,-,-,-,-,-,"1611,6"
378,Recife (Santo Amaro),dez/2018,-,-,-,-,-,-,-,-,-,-,-,-,-,-,-,-,-,-,-,-,-,-,-,-,-,-,-,-,-,-,-,"1998,8"
30,Recife (Várzea),dez/2018,"0,4","0,0","0,0","0,0","0,0","6,2","0,0","0,0","0,0","39,6","0,4","4,6","0,0","0,0","0,2","0,0","14,6","3,4","0,2","0,0","0,0","0,7","1,2","0,0","0,0","0,0","0,0","2,2","0,0","0,0","0,8","15807,2"
480,Recife - PCD,dez/2018,-,-,-,-,-,-,-,-,-,-,-,-,-,-,-,-,-,-,-,-,-,-,-,-,-,-,-,-,-,-,-,"1418,8"
265,Recife (Alto da Brasileira),jan/2019,"0,0","1,0","0,0","0,0","0,0","0,0","9,1","9,8","12,8","1,9","1,3","2,0","20,0","0,6","0,0","0,0","0,0","2,6","0,0","0,0","0,0","0,0","13,5","0,0","0,0","0,0","0,0","1,3","0,0","0,0","0,0","13419,7"
196,Recife (Codecipe / Santo Amaro),jan/2019,"0,0","3,0","0,0","0,0","0,0","0,0","14,0","4,6","9,2","0,0","3,0","10,2","1,2","0,0","0,0","0,0","0,0","0,0","0,0","0,0","0,0","0,0","17,0","0,0","0,0","0,0","0,0","4,2","60,0","0,0","0,0","5055,8"
344,Recife (Lamepe/Itep),jan/2019,-,-,-,-,-,-,-,-,-,-,-,-,-,-,-,-,-,-,-,-,-,-,-,-,-,-,-,-,-,-,-,"1611,6"
378,Recife (Santo Amaro),jan/2019,-,-,-,-,-,-,-,-,-,-,-,-,-,-,-,-,-,-,-,-,-,-,-,-,-,-,-,-,-,-,-,"1998,8"
30,Recife (Várzea),jan/2019,"0,0","0,8","0,0","0,0","0,0","1,2","15,8","6,4","3,4","0,0","2,8","9,6","20,5","1,4","0,0","0,0","0,2","0,0","0,6","2,1","0,0","1,2","11,4","0,6","0,0","1,0","0,0","10,0","52,3","0,4","1,8","15807,2"
480,Recife - PCD,jan/2019,-,-,-,-,-,-,-,-,-,-,-,-,-,-,-,-,-,-,-,-,-,-,-,-,-,-,-,-,-,-,-,"1418,8"
265,Recife (Alto da Brasileira),fev/2019,"0,0","0,0","3,2","3,4","2,7",-,-,-,-,-,"0,6","2,3","1,7","2,1","0,0","0,8","5,9","13,8","0,5","0,0","0,0","3,8","0,0","0,0","0,4","0,0","0,7","0,0",-,-,-,"13419,7"
196,Recife (Codecipe / Santo Amaro),fev/2019,"0,0","0,3","2,4","1,9","4,0","42,0","3,8","0,0","0,0","0,0","0,0","0,0","5,0","19,8","0,0","0,0","0,0","0,0","0,0","4,6","0,0","6,2","0,0","1,4","0,0","0,0","0,0","1,2",-,-,-,"5055,8"
344,Recife (Lamepe/Itep),fev/2019,-,-,-,-,-,-,-,-,-,-,-,-,-,-,-,-,-,-,-,-,-,-,-,-,-,-,-,-,-,-,-,"1611,6"
378,Recife (Santo Amaro),fev/2019,-,-,-,-,-,-,-,-,-,-,-,-,-,-,-,-,-,-,-,-,-,-,-,-,-,-,-,-,-,-,-,"1998,8"
30,Recife (Várzea),fev/2019,"0,1","3,6","6,2","4,2","13,8","48,0","0,3","0,0","0,0","0,0","0,6","0,0","3,6","13,4","0,7","0,6","8,0","5,8","1,0","0,0","1,0","0,0","0,0","0,0","0,0","0,2","0,0","0,0",-,-,-,"15807,2"
480,Recife - PCD,fev/2019,-,-,-,-,-,-,-,-,-,-,-,-,-,-,-,-,-,-,-,-,-,-,-,-,-,-,-,-,-,-,-,"1418,8"
265,Recife (Alto da Brasileira),mar/2019,"0,0","7,9","0,0","7,4","3,6","0,3","0,0","0,0","0,0","0,0","2,4","0,0","1,5","0,0","0,9","0,0","0,0","5,1","0,0","0,0","0,0","0,0","0,0","0,0","0,7","8,2","6,8","38,3","5,7","8,5","9,7","13419,7"
196,Recife (Codecipe / Santo Amaro),mar/2019,"4,8","19,8","3,2","7,0","9,4","0,0","0,0","0,0","0,0","0,0","0,0","1,0","0,0","0,0","6,0","0,0","0,0","2,6","14,2","0,0","0,0","0,0","0,0","0,0","7,6","2,0","14,2","24,3","0,0","5,8","11,2","5055,8"
344,Recife (Lamepe/Itep),mar/2019,-,-,-,-,-,-,-,-,-,-,-,-,-,-,-,-,-,-,-,-,-,-,-,-,-,-,-,-,-,-,-,"1611,6"
378,Recife (Santo Amaro),mar/2019,-,-,-,-,-,-,-,-,-,-,-,-,-,-,-,-,-,-,-,-,-,-,-,-,-,-,-,-,-,-,-,"1998,8"
30,Recife (Várzea),mar/2019,"0,0","4,7","0,0","3,0","4,8","8,0","0,2","1,5","0,0","0,0","0,0","0,6","7,8","2,0","3,0","0,6","0,0","24,4","0,0","0,0","0,0","0,0","1,4","0,0","0,0","3,6","38,4","26,7","4,0","16,2","9,0","15807,2"
480,Recife - PCD,mar/2019,-,-,-,-,-,-,-,-,-,-,-,-,-,-,-,-,-,-,-,-,-,-,-,-,-,-,-,-,-,-,-,"1418,8"
265,Recife (Alto da Brasileira),abr/2019,"0,0","34,8","5,4","5,7","0,0","0,0","0,0","0,0","4,4","0,0","0,0","4,9","44,3","0,0","0,0","0,0","16,2","0,7","0,0","1,6","36,9","0,5","1,7","16,0","10,9","4,5","0,0","0,4","13,7","11,7",-,"13419,7"
196,Recife (Codecipe / Santo Amaro),abr/2019,"5,0","16,4","9,2","1,0","0,0","0,0","2,2","3,2","2,2","9,2","0,0","11,0","58,4","8,4","0,0","0,0","7,0","0,0","0,0","2,6","29,0","0,8","4,3","4,2","3,4","11,0","2,1","0,0","1,4","10,8",-,"5055,8"
344,Recife (Lamepe/Itep),abr/2019,-,-,-,-,-,-,-,-,-,-,-,-,-,-,-,-,-,-,-,-,-,-,-,-,-,-,-,-,-,-,-,"1611,6"
378,Recife (Santo Amaro),abr/2019,-,-,-,-,-,-,-,-,-,-,-,-,-,-,-,-,-,-,-,-,-,-,-,-,-,-,-,-,-,-,-,"1998,8"
30,Recife (Várzea),abr/2019,"41,8","28,6","4,8","2,2","0,0","1,2","1,0","21,7","0,0",-,"0,0","15,8","30,6","0,2","0,0","0,0","5,0","0,0","0,0","7,4","30,9","0,0","10,0","31,2","17,2","1,6","0,4","0,0","0,0","29,4",-,"15807,2"
480,Recife - PCD,abr/2019,-,-,-,-,-,-,-,-,-,-,-,-,-,-,-,-,-,-,-,-,-,-,-,-,-,-,-,-,-,-,-,"1418,8"
265,Recife (Alto da Brasileira),mai/2019,"0,0","6,3","0,0","5,2","0,4","0,9","0,0","3,7","50,0","8,9","9,1","0,0","1,2","0,0","0,0","0,7","0,0","0,5","8,5","2,9","36,8","3,4","0,8","0,4","0,0","0,0","17,1","3,8","0,0","17,5","19,0","13419,7"
196,Recife (Codecipe / Santo Amaro),mai/2019,"6,9","2,0","0,0","1,6","0,0","0,0","0,0","6,1","16,2","2,3","0,0","0,0","0,0","0,0","0,0","0,0","0,0","0,0","0,0","0,1","23,6","11,0","11,0","0,0","0,0","0,0","25,6","11,5","1,6","9,2","6,0","5055,8"
344,Recife (Lamepe/Itep),mai/2019,-,-,-,-,-,-,-,-,-,-,-,-,-,-,-,-,-,-,-,-,-,-,-,-,-,-,-,-,-,-,-,"1611,6"
378,Recife (Santo Amaro),mai/2019,-,-,-,-,-,-,-,-,-,-,-,-,-,-,-,-,-,-,-,-,-,-,-,-,-,-,-,-,-,-,-,"1998,8"
30,Recife (Várzea),mai/2019,"2,4","7,6","0,0","0,0","0,8","0,0","0,0","4,7","34,8",-,"10,0","0,0","0,0","0,0","0,0","1,4","1,4","0,0","17,6","0,0","26,0","0,6","6,7","4,0","0,0","0,2","28,0","10,0","27,0","21,8","0,0","15807,2"
480,Recife - PCD,mai/2019,-,-,-,-,-,-,-,-,-,-,-,-,-,-,-,-,-,-,-,-,-,-,-,-,-,-,-,-,-,-,-,"1418,8"
265,Recife (Alto da Brasileira),jun/2019,"3,7","0,5","0,0","3,9","0,0","0,0","0,0","0,0","1,9","0,0","12,6","0,0","50,6","135,3","0,0","2,3","71,4","82,5","0,9","1,5","0,0","0,0","0,0","3,2","2,4","0,0","8,4","4,1","16,0","4,2",-,"13419,7"
196,Recife (Codecipe / Santo Amaro),jun/2019,"0,4","0,0","0,0","10,1","0,0","4,0","0,0","0,0","0,1","0,0","10,1","4,2","29,0","174,0","6,0","5,6","119,0","69,2","0,0","2,0","0,0","0,0","0,0","6,4","2,6","2,9","11,0","0,0","7,2","2,6",-,"5055,8"
344,Recife (Lamepe/Itep),jun/2019,-,-,-,-,-,-,-,-,-,-,-,-,-,-,-,-,-,-,-,-,-,-,-,-,-,-,-,-,-,-,-,"1611,6"
378,Recife (Santo Amaro),jun/2019,-,-,-,-,-,-,-,-,-,-,-,-,-,-,-,-,-,-,-,-,-,-,-,-,-,-,-,-,-,-,-,"1998,8"
30,Recife (Várzea),jun/2019,"6,0","7,2","0,0","6,5","1,0","0,0","1,0","0,0","4,4","0,2","4,4","4,4","66,4","147,2","0,5","5,0","90,4","53,6","1,7","4,8","0,0","0,0","5,0","1,2","4,2","0,8","15,4","5,3","19,0","7,2",-,"15807,2"
480,Recife - PCD,jun/2019,-,-,-,-,-,-,-,-,-,-,-,-,-,-,-,-,-,-,-,-,-,-,-,-,-,-,-,-,-,-,-,"1418,8"
265,Recife (Alto da Brasileira),jul/2019,"17,1","6,2","1,2","14,8","1,0","0,0","0,0","10,0","2,3","0,0","8,9","0,0","11,4","13,0","23,8","0,0","0,0","0,0","12,2","11,8","34,9","13,6","77,9","122,3","34,4","5,3","12,9","26,1","5,8","0,4","17,2","13419,7"
196,Recife (Codecipe / Santo Amaro),jul/2019,"12,0","6,0","2,2","7,2","2,2","0,0","0,0","3,2","2,0","0,4","7,2","0,0","18,8","20,0","18,0","0,0","0,0","0,0","6,1","12,0","23,2","9,8","61,6","146,0","26,0","1,4","11,0","8,3","3,2","0,0","14,5","5055,8"
344,Recife (Lamepe/Itep),jul/2019,-,-,-,-,-,-,-,-,-,-,-,-,-,-,-,-,-,-,-,-,-,-,-,-,-,-,-,-,-,-,-,"1611,6"
378,Recife (Santo Amaro),jul/2019,-,-,-,-,-,-,-,-,-,-,-,-,-,-,-,-,-,-,-,-,-,-,-,-,-,-,-,-,-,-,-,"1998,8"
30,Recife (Várzea),jul/2019,"8,8","2,0","2,0","8,8","7,8","0,0","0,0","2,5","4,3",-,"14,2","0,2","27,4","15,0","11,8","0,0","0,0",-,"17,2","13,4",-,"19,0","44,4",-,"13,0","12,0","13,4","34,7","2,4","0,6","31,2","15807,2"
480,Recife - PCD,jul/2019,-,-,-,-,-,-,-,-,-,-,-,-,-,-,-,-,-,-,-,-,-,-,-,-,-,-,-,-,-,-,-,"1418,8"
265,Recife (Alto da Brasileira),ago/2019,"3,5","45,1","6,3","1,7","4,0","4,6","8,0","0,0","3,2","0,4","0,0","2,6","5,7","8,7","14,1","11,0","4,8","1,2","4,3","0,0","0,0","0,0","4,3","1,5","7,8","1,9","2,2","2,4","0,0","0,0","0,0","13419,7"
196,Recife (Codecipe / Santo Amaro),ago/2019,"7,9","25,1","1,4","1,9","2,1","5,0","9,6","4,0","1,1","0,8","1,2","4,8","5,9","13,0","11,6","1,2","4,2","2,0","1,6","0,1","0,0","0,0","2,6","6,0","7,8","2,0","6,8","3,0","0,8","0,0","0,0","5055,8"
344,Recife (Lamepe/Itep),ago/2019,-,-,-,-,-,-,-,-,-,-,-,-,-,-,-,-,-,-,-,-,-,-,-,-,-,-,-,-,-,-,-,"1611,6"
378,Recife (Santo Amaro),ago/2019,-,-,-,-,-,-,-,-,-,-,-,-,-,-,-,-,-,-,-,-,-,-,-,-,-,-,-,-,-,-,-,"1998,8"
30,Recife (Várzea),ago/2019,"1,4","50,5","0,3","1,6","3,0","8,0","0,6","8,0","0,0",-,"0,3","7,7","4,4","10,6","8,3","14,2","3,4","5,0","5,7","0,0","0,0","0,0","6,7","4,8","21,5","7,0","8,0","2,4","0,0","0,0","0,0","15807,2"
480,Recife - PCD,ago/2019,-,-,-,-,-,-,-,-,-,-,-,-,-,-,-,-,-,-,-,-,-,-,-,-,-,-,-,-,-,-,-,"1418,8"
265,Recife (Alto da Brasileira),set/2019,"3,4","14,8","9,9","0,0","7,4","8,8","0,0","4,0","1,8","0,0","0,0","2,6","0,0","0,0","0,0","0,0","0,0","21,2","0,5","0,0","7,3","0,0","4,0","0,0","0,0","0,0","0,0","0,0","0,0","0,0",-,"13419,7"
196,Recife (Codecipe / Santo Amaro),set/2019,"8,0","18,0","47,4","0,0","9,0","0,0","0,2","0,8","2,0","0,0","0,0","1,6","0,0","0,0","0,6","0,0","0,0","3,8","0,1","0,0","6,2","0,0","1,6","0,0","0,0","0,0","0,0","0,0","0,0","0,0",-,"5055,8"
344,Recife (Lamepe/Itep),set/2019,-,-,-,-,-,-,-,-,-,-,-,-,-,-,-,-,-,-,-,-,-,-,-,-,-,-,-,-,-,-,-,"1611,6"
378,Recife (Santo Amaro),set/2019,-,-,-,-,-,-,-,-,-,-,-,-,-,-,-,-,-,-,-,-,-,-,-,-,-,-,-,-,-,-,-,"1998,8"
30,Recife (Várzea),set/2019,"7,4","38,8","0,7","1,0","8,2","7,8","1,0","3,8","2,7",-,"0,0","0,4","0,0","0,0","0,0","0,4","0,4","16,0","0,0","0,4","14,8","0,0","6,0","0,0","0,0","0,0","0,0","0,0","0,0","0,2",-,"15807,2"
480,Recife - PCD,set/2019,-,-,-,-,-,-,-,-,-,-,-,-,-,-,-,-,-,-,-,-,-,-,-,-,-,-,-,-,-,-,-,"1418,8"
265,Recife (Alto da Brasileira),out/2019,"0,0","0,0","0,0","0,0","1,0","0,0","0,0","0,0","0,0",-,"2,4","0,0","1,2","21,7","7,0","0,0","0,0","17,0","6,5","0,0","0,0","0,0","0,0","0,0","0,0","1,8","0,0","0,0","0,0","0,0","0,0","13419,7"
196,Recife (Codecipe / Santo Amaro),out/2019,"0,0","0,0","0,0","0,0","0,0","0,0","0,0","0,0","0,0","2,5","4,1","0,0","0,0","15,4","7,9","0,0","0,0","15,8","6,8","0,0","0,0","0,0","0,0","0,0","0,0","0,0","0,0","0,0","0,0","0,0","0,0","5055,8"
344,Recife (Lamepe/Itep),out/2019,-,-,-,-,-,-,-,-,-,-,-,-,-,-,-,-,-,-,-,-,-,-,-,-,-,-,-,-,-,-,-,"1611,6"
378,Recife (Santo Amaro),out/2019,-,-,-,-,-,-,-,-,-,-,-,-,-,-,-,-,-,-,-,-,-,-,-,-,-,-,-,-,-,-,-,"1998,8"
30,Recife (Várzea),out/2019,"0,8","0,0","0,2","0,0","0,0","0,4","0,0","1,6","9,0","3,0","2,0","0,0","5,1","22,1","4,2","0,0","0,0","7,3","2,3","0,0","0,0","0,0","0,0","0,0","0,0","1,3","0,0","0,0","0,0","0,0","0,2","15807,2"
480,Recife - PCD,out/2019,-,-,-,-,-,-,-,-,-,-,-,-,-,-,-,-,-,-,-,-,-,-,-,-,-,-,-,-,-,-,-,"1418,8"
265,Recife (Alto da Brasileira),nov/2019,"0,0","0,0","3,3","0,0","0,0","0,0","0,0","0,0","0,0",-,"0,0","0,0","0,0","0,0","0,0","0,0","0,0","1,4","0,0","0,0","0,0","0,0","0,0","0,0","0,0",-,-,-,-,-,-,"13419,7"
196,Recife (Codecipe / Santo Amaro),nov/2019,"0,0","0,0","0,0","0,0","0,0","0,0","0,0","0,0","0,0","0,0","0,0","0,0","0,0","0,0","0,0","0,0","0,0","0,0","0,0","0,0","0,0","0,0","0,0","0,0","0,0","0,0","2,1","0,0","0,0","0,0",-,"5055,8"
344,Recife (Lamepe/Itep),nov/2019,-,-,-,-,-,-,-,-,-,-,-,-,-,-,-,-,-,-,-,-,-,-,-,-,-,-,-,-,-,-,-,"1611,6"
378,Recife (Santo Amaro),nov/2019,-,-,-,-,-,-,-,-,-,-,-,-,-,-,-,-,-,-,-,-,-,-,-,-,-,-,-,-,-,-,-,"1998,8"
30,Recife (Várzea),nov/2019,"2,2","0,0","0,0","0,0","0,0","0,0","0,0","0,0","0,0","0,0","0,0","0,0","0,0","0,0","0,0","0,0","0,0","0,0","0,0","0,0","0,0","0,0","0,0","0,0","0,0","0,0","1,7","0,0","0,0","0,0",-,"15807,2"
480,Recife - PCD,nov/2019,-,-,-,-,-,-,-,-,-,-,-,-,-,-,-,-,-,-,-,-,-,-,-,-,-,-,-,-,-,-,-,"1418,8"
265,Recife (Alto da Brasileira),dez/2019,"0,0","0,0","0,0","0,0","0,0","0,0","0,0","0,0","0,0",-,"0,0","0,0","0,0","0,0","0,0","14,1","2,0","0,0","0,0","0,4","0,0","2,2","0,0","0,4","0,6","0,0","0,0","0,0","0,0","0,0",-,"13419,7"
196,Recife (Codecipe / Santo Amaro),dez/2019,"0,0","0,0","0,0","0,0","0,0","0,0","0,0","0,0","0,0","0,0","0,0","0,0","0,0","0,0","0,0","10,2","0,0","0,0","0,0","0,0","0,0","0,0","0,0","0,0","0,0","0,0","0,0","0,0","0,0","0,0","0,0","5055,8"
344,Recife (Lamepe/Itep),dez/2019,-,-,-,-,-,-,-,-,-,-,-,-,-,-,-,-,-,-,-,-,-,-,-,-,-,-,-,-,-,-,-,"1611,6"
378,Recife (Santo Amaro),dez/2019,-,-,-,-,-,-,-,-,-,-,-,-,-,-,-,-,-,-,-,-,-,-,-,-,-,-,-,-,-,-,-,"1998,8"
30,Recife (Várzea),dez/2019,"0,0","0,0","0,0","0,0","0,0","0,0","0,0","0,0","0,0","1,2","0,2","2,0","0,0","0,0","2,6","11,0","1,2","0,0","0,2","1,2","0,0","1,0","0,0","0,0","0,0","0,8","0,0","0,0","0,0","0,8","0,0","15807,2"
480,Recife - PCD,dez/2019,-,-,-,-,-,-,-,-,-,-,-,-,-,-,-,-,-,-,-,-,-,-,-,-,-,-,-,-,-,-,-,"1418,8"
